airline,flight,source_city,departure_time,stops,arrival_time,destination_city,class,duration,days_left,price
Vistara,UK-875,Mumbai,Evening,one,Morning,Delhi,Economy,13.67,4,11928
Vistara,UK-811,Delhi,Early_Morning,two_or_more,Evening,Kolkata,Business,10.92,37,84222
Indigo,6E-886,Bangalore,Morning,one,Evening,Delhi,Economy,6.83,42,4071
Air_India,AI-610,Bangalore,Evening,one,Morning,Kolkata,Economy,13.67,47,4665
GO_FIRST,G8-349,Mumbai,Morning,one,Evening,Kolkata,Economy,5.33,34,6619
Vistara,UK-986,Mumbai,Night,one,Afternoon,Hyderabad,Business,13.83,10,60701
Vistara,UK-832,Chennai,Early_Morning,two_or_more,Evening,Bangalore,Economy,10.83,11,15794
Indigo,6E-512,Kolkata,Afternoon,one,Evening,Hyderabad,Economy,4.75,45,4367
Vistara,UK-950,Mumbai,Night,one,Evening,Hyderabad,Business,22.0,6,58125
Indigo,6E-5347,Chennai,Night,zero,Late_Night,Mumbai,Economy,2.08,16,3000
Vistara,UK-832,Chennai,Early_Morning,two_or_more,Night,Bangalore,Economy,16.25,46,6437
Air_India,AI-685,Mumbai,Early_Morning,one,Night,Bangalore,Economy,17.42,14,10143
Air_India,AI-774,Mumbai,Night,one,Night,Hyderabad,Economy,24.33,13,14658
Air_India,AI-840,Hyderabad,Night,one,Evening,Kolkata,Economy,22.33,40,4368
Air_India,AI-610,Bangalore,Evening,one,Night,Kolkata,Business,28.5,12,51817
Vistara,UK-772,Kolkata,Morning,two_or_more,Night,Hyderabad,Economy,10.5,28,7572
AirAsia,I5-821,Chennai,Night,one,Early_Morning,Mumbai,Economy,8.67,33,1830
GO_FIRST,G8-302,Chennai,Early_Morning,one,Evening,Bangalore,Economy,11.5,46,4612
AirAsia,I5-829,Delhi,Night,one,Morning,Chennai,Economy,11.58,24,4219
GO_FIRST,G8-321,Mumbai,Afternoon,one,Night,Bangalore,Economy,9.17,29,5102
Indigo,6E-7234,Kolkata,Evening,one,Night,Delhi,Economy,6.42,21,5339
GO_FIRST,G8-7549,Delhi,Afternoon,one,Late_Night,Bangalore,Economy,8.58,18,3568
Air_India,AI-610,Bangalore,Evening,one,Morning,Chennai,Business,15.75,39,43865
Air_India,AI-525,Hyderabad,Early_Morning,zero,Morning,Kolkata,Economy,2.08,21,2815
Vistara,UK-822,Chennai,Morning,one,Morning,Bangalore,Economy,23.08,35,4656
Air_India,AI-672,Chennai,Afternoon,one,Evening,Bangalore,Business,27.58,17,43729
Indigo,6E-5026,Delhi,Early_Morning,one,Morning,Kolkata,Economy,6.08,45,3754
Vistara,UK-708,Kolkata,Night,one,Evening,Hyderabad,Economy,20.58,44,6390
Air_India,AI-442,Mumbai,Afternoon,one,Evening,Chennai,Economy,27.42,4,9201
Vistara,UK-657,Bangalore,Morning,two_or_more,Morning,Kolkata,Economy,21.08,41,9017
Vistara,UK-996,Mumbai,Evening,one,Evening,Hyderabad,Business,25.33,47,60365
Vistara,UK-877,Mumbai,Morning,one,Afternoon,Delhi,Business,4.92,41,41269
Air_India,AI-768,Kolkata,Afternoon,one,Morning,Bangalore,Economy,17.42,44,7054
Air_India,AI-542,Delhi,Morning,one,Afternoon,Mumbai,Economy,26.5,24,6933
Vistara,UK-890,Hyderabad,Evening,one,Morning,Bangalore,Economy,15.0,42,6461
Vistara,UK-860,Hyderabad,Early_Morning,one,Evening,Mumbai,Business,10.83,11,58315
Vistara,UK-852,Bangalore,Morning,zero,Morning,Mumbai,Business,1.92,27,26472
Vistara,UK-875,Mumbai,Evening,one,Evening,Delhi,Economy,24.58,7,9828
Indigo,6E-2169,Delhi,Evening,zero,Night,Chennai,Economy,2.92,28,2637
Vistara,UK-890,Hyderabad,Evening,one,Evening,Chennai,Business,22.67,6,51707
Vistara,UK-776,Kolkata,Evening,one,Evening,Bangalore,Business,24.17,35,52287
Vistara,UK-774,Kolkata,Night,one,Evening,Delhi,Economy,23.33,13,15812
Air_India,AI-402,Kolkata,Morning,one,Morning,Hyderabad,Business,24.08,9,52063
Indigo,6E-893,Kolkata,Morning,zero,Morning,Hyderabad,Economy,2.25,36,3629
Vistara,UK-977,Delhi,Evening,one,Early_Morning,Bangalore,Economy,12.83,15,5106
Air_India,AI-763,Kolkata,Early_Morning,one,Evening,Bangalore,Business,9.25,10,60978
Air_India,AI-523,Bangalore,Early_Morning,one,Early_Morning,Delhi,Business,21.92,25,36610
Vistara,UK-850,Bangalore,Evening,one,Morning,Delhi,Business,12.67,6,50361
AirAsia,I5-548,Delhi,Early_Morning,one,Afternoon,Bangalore,Economy,7.58,44,3090
Air_India,AI-541,Hyderabad,Evening,one,Early_Morning,Chennai,Economy,15.08,39,5875
Vistara,UK-866,Bangalore,Night,one,Afternoon,Delhi,Business,16.42,34,54841
GO_FIRST,G8-424,Hyderabad,Early_Morning,one,Evening,Mumbai,Economy,12.58,14,4452
Air_India,AI-665,Delhi,Early_Morning,one,Night,Kolkata,Economy,15.25,45,4933
Vistara,UK-849,Mumbai,Evening,one,Night,Delhi,Business,6.25,8,53152
Air_India,AI-640,Bangalore,Early_Morning,one,Night,Delhi,Economy,14.17,41,6843
AirAsia,I5-783,Delhi,Early_Morning,one,Night,Chennai,Economy,14.83,11,8790
Air_India,AI-867,Mumbai,Night,one,Evening,Hyderabad,Economy,21.83,37,5089
Air_India,AI-541,Hyderabad,Evening,one,Afternoon,Chennai,Business,20.42,45,51595
Vistara,UK-870,Hyderabad,Night,one,Evening,Bangalore,Business,20.42,41,56702
Vistara,UK-960,Mumbai,Morning,one,Night,Kolkata,Economy,10.83,26,5949
Air_India,AI-770,Kolkata,Night,one,Morning,Mumbai,Business,12.58,28,50271
Air_India,AI-771,Kolkata,Afternoon,one,Afternoon,Delhi,Business,22.83,46,57939
Vistara,UK-857,Mumbai,Night,one,Morning,Delhi,Business,12.67,38,53152
Vistara,UK-627,Delhi,Afternoon,two_or_more,Evening,Chennai,Economy,30.58,33,7333
Air_India,AI-442,Mumbai,Afternoon,one,Evening,Kolkata,Economy,27.58,12,11508
Vistara,UK-810,Bangalore,Early_Morning,one,Evening,Mumbai,Economy,10.67,10,14150
Vistara,UK-776,Kolkata,Evening,one,Morning,Bangalore,Economy,15.25,44,6195
Vistara,UK-720,Kolkata,Early_Morning,one,Afternoon,Hyderabad,Economy,5.42,8,10604
Vistara,UK-951,Delhi,Afternoon,one,Night,Hyderabad,Business,6.58,9,39377
Air_India,AI-573,Bangalore,Afternoon,one,Evening,Mumbai,Business,29.0,9,44863
Vistara,UK-832,Chennai,Early_Morning,one,Afternoon,Mumbai,Economy,8.08,14,11069
Vistara,UK-873,Mumbai,Early_Morning,two_or_more,Evening,Chennai,Business,10.0,42,68743
Vistara,UK-857,Mumbai,Night,one,Morning,Hyderabad,Economy,12.08,22,3334
Vistara,UK-706,Delhi,Afternoon,one,Morning,Mumbai,Business,21.83,33,40945
AirAsia,I5-1229,Chennai,Evening,one,Night,Kolkata,Economy,5.0,13,5040
Indigo,6E-6021,Kolkata,Afternoon,one,Evening,Bangalore,Economy,5.67,40,3860
Air_India,AI-808,Bangalore,Night,one,Afternoon,Mumbai,Business,15.83,28,54684
Vistara,UK-838,Chennai,Night,one,Afternoon,Mumbai,Economy,17.92,32,4637
SpiceJet,SG-337,Kolkata,Afternoon,one,Morning,Mumbai,Economy,20.08,17,5913
AirAsia,I5-766,Hyderabad,Night,one,Late_Night,Delhi,Economy,4.25,10,6134
GO_FIRST,G8-509,Hyderabad,Early_Morning,one,Evening,Kolkata,Economy,12.75,27,5067
Air_India,AI-538,Chennai,Night,one,Morning,Kolkata,Economy,12.67,42,4784
Vistara,UK-893,Bangalore,Evening,two_or_more,Morning,Chennai,Economy,15.92,9,14778
Indigo,6E-2174,Bangalore,Evening,zero,Night,Delhi,Economy,2.92,1,7488
Vistara,UK-655,Mumbai,Morning,one,Evening,Delhi,Economy,5.25,17,4769
GO_FIRST,G8-7543,Bangalore,Afternoon,one,Night,Delhi,Economy,9.92,18,3466
Indigo,6E-6491,Bangalore,Afternoon,one,Evening,Delhi,Economy,6.83,32,3245
Vistara,UK-955,Delhi,Evening,one,Morning,Kolkata,Economy,15.92,11,12990
Air_India,AI-539,Chennai,Evening,one,Morning,Hyderabad,Economy,16.0,46,3979
Air_India,AI-649,Mumbai,Early_Morning,one,Late_Night,Delhi,Economy,17.08,1,12308
Vistara,UK-706,Delhi,Afternoon,one,Night,Mumbai,Business,7.92,7,36577
Vistara,UK-838,Chennai,Night,one,Afternoon,Hyderabad,Economy,15.5,45,8627
Air_India,AI-442,Mumbai,Afternoon,one,Morning,Hyderabad,Economy,20.33,22,4593
Indigo,6E-711,Mumbai,Afternoon,one,Night,Chennai,Economy,7.58,13,16548
Indigo,6E-534,Kolkata,Evening,zero,Night,Bangalore,Economy,2.75,17,16254
Vistara,UK-878,Hyderabad,Afternoon,one,Morning,Bangalore,Economy,21.83,11,7927
Vistara,UK-963,Delhi,Morning,one,Early_Morning,Hyderabad,Business,23.0,44,53937
Vistara,UK-772,Kolkata,Morning,zero,Afternoon,Mumbai,Business,2.58,34,31982
AirAsia,I5-1529,Delhi,Morning,one,Night,Mumbai,Economy,11.0,45,3102
Vistara,UK-850,Bangalore,Evening,one,Late_Night,Delhi,Business,5.0,10,57417
Air_India,AI-764,Delhi,Evening,one,Night,Hyderabad,Business,28.33,22,47408
Vistara,UK-988,Mumbai,Night,one,Evening,Kolkata,Economy,21.17,3,9879
Indigo,6.00E-219,Mumbai,Afternoon,zero,Evening,Bangalore,Economy,1.75,30,2124
Air_India,AI-770,Kolkata,Night,one,Morning,Hyderabad,Economy,15.42,28,4724
Air_India,AI-806,Mumbai,Early_Morning,one,Night,Chennai,Business,15.58,45,49613
Indigo,6E-5323,Bangalore,Morning,zero,Morning,Mumbai,Economy,1.83,4,5703
Vistara,UK-802,Bangalore,Evening,one,Morning,Mumbai,Economy,14.92,24,7422
Air_India,AI-538,Chennai,Night,one,Afternoon,Mumbai,Business,16.5,7,57494
Vistara,UK-832,Chennai,Early_Morning,one,Night,Mumbai,Economy,14.67,13,15762
Vistara,UK-738,Kolkata,Evening,one,Morning,Bangalore,Economy,14.25,45,8111
Vistara,UK-818,Bangalore,Evening,one,Afternoon,Hyderabad,Business,16.92,47,56588
GO_FIRST,G8-519,Kolkata,Evening,one,Late_Night,Delhi,Economy,8.5,36,6324
Vistara,UK-863,Mumbai,Morning,one,Night,Hyderabad,Economy,11.83,22,3334
Vistara,UK-860,Hyderabad,Early_Morning,one,Evening,Chennai,Business,9.5,40,51707
Vistara,UK-995,Delhi,Morning,one,Early_Morning,Hyderabad,Business,21.5,49,51697
Vistara,UK-830,Hyderabad,Morning,one,Night,Mumbai,Business,10.92,20,68507
Vistara,UK-836,Chennai,Morning,one,Evening,Kolkata,Business,7.33,35,55377
Vistara,UK-774,Kolkata,Night,one,Evening,Delhi,Economy,23.17,6,13524
Air_India,AI-502,Delhi,Afternoon,one,Morning,Mumbai,Economy,19.08,45,6181
AirAsia,I5-588,Kolkata,Evening,one,Early_Morning,Mumbai,Economy,13.42,6,3987
Vistara,UK-706,Kolkata,Morning,one,Evening,Bangalore,Business,8.58,31,71058
Indigo,6E-841,Bangalore,Afternoon,one,Night,Hyderabad,Economy,7.5,23,2767
Indigo,6.00E-179,Mumbai,Morning,one,Night,Chennai,Economy,10.17,4,9671
Vistara,UK-822,Chennai,Morning,one,Evening,Delhi,Business,7.17,27,57920
GO_FIRST,G8-7562,Kolkata,Afternoon,one,Night,Bangalore,Economy,10.25,26,6109
Indigo,6E-2843,Delhi,Afternoon,one,Night,Hyderabad,Economy,5.58,26,4393
Indigo,6E-855,Bangalore,Night,zero,Night,Hyderabad,Economy,1.25,30,1714
Air_India,AI-635,Mumbai,Early_Morning,one,Night,Kolkata,Economy,15.25,40,4556
Vistara,UK-657,Bangalore,Morning,two_or_more,Night,Kolkata,Economy,11.25,28,15824
Vistara,UK-776,Kolkata,Evening,one,Morning,Delhi,Economy,16.08,9,15414
Air_India,AI-837,Delhi,Evening,one,Morning,Bangalore,Business,16.42,20,35490
Vistara,UK-830,Hyderabad,Morning,one,Evening,Mumbai,Economy,6.17,23,4660
Vistara,UK-902,Mumbai,Afternoon,one,Night,Chennai,Business,7.0,12,61933
Air_India,AI-503,Bangalore,Evening,one,Evening,Kolkata,Business,25.33,11,60508
Air_India,AI-402,Kolkata,Morning,one,Night,Hyderabad,Economy,10.17,20,6090
Air_India,AI-732,Kolkata,Afternoon,one,Morning,Chennai,Business,21.92,15,55087
Air_India,AI-430,Chennai,Morning,one,Night,Hyderabad,Economy,13.67,39,3979
Air_India,AI-526,Kolkata,Evening,one,Morning,Delhi,Economy,14.0,42,4144
Indigo,6E-793,Hyderabad,Evening,one,Night,Chennai,Economy,5.58,40,4983
Vistara,UK-828,Chennai,Early_Morning,one,Afternoon,Delhi,Economy,7.08,25,5206
Vistara,UK-870,Hyderabad,Night,one,Morning,Bangalore,Economy,14.25,17,6461
Air_India,AI-543,Hyderabad,Morning,one,Night,Mumbai,Economy,9.92,37,4783
Vistara,UK-975,Delhi,Early_Morning,one,Evening,Bangalore,Business,13.25,48,54777
Vistara,UK-817,Delhi,Evening,one,Morning,Hyderabad,Economy,17.0,31,5761
Vistara,UK-828,Chennai,Early_Morning,one,Afternoon,Delhi,Business,5.67,44,57920
Indigo,6E-6491,Bangalore,Afternoon,one,Evening,Mumbai,Economy,6.17,18,4190
GO_FIRST,G8-319,Mumbai,Morning,one,Night,Bangalore,Economy,11.5,18,5102
Vistara,UK-953,Delhi,Night,one,Evening,Kolkata,Economy,20.17,33,6578
Indigo,6E-6488,Kolkata,Morning,one,Evening,Mumbai,Economy,4.67,32,3381
Air_India,AI-440,Chennai,Early_Morning,zero,Morning,Delhi,Economy,2.67,36,2271
SpiceJet,SG-3440,Mumbai,Afternoon,one,Afternoon,Kolkata,Economy,25.0,44,10384
Vistara,UK-816,Bangalore,Morning,one,Night,Mumbai,Economy,12.33,30,7323
Vistara,UK-927,Delhi,Morning,one,Early_Morning,Hyderabad,Economy,22.33,36,5772
Indigo,6E-2373,Delhi,Afternoon,one,Evening,Mumbai,Economy,6.0,26,4674
Indigo,6E-716,Kolkata,Night,zero,Late_Night,Bangalore,Economy,2.75,25,3862
Vistara,UK-963,Delhi,Morning,one,Early_Morning,Hyderabad,Business,23.0,39,53937
Indigo,6E-6339,Bangalore,Early_Morning,zero,Morning,Kolkata,Economy,2.67,41,3393
Vistara,UK-902,Mumbai,Afternoon,one,Morning,Chennai,Economy,18.17,36,3998
Vistara,UK-994,Mumbai,Morning,one,Night,Chennai,Economy,9.83,26,4348
Air_India,AI-440,Chennai,Early_Morning,one,Late_Night,Bangalore,Business,18.0,17,60260
Indigo,6E-6366,Hyderabad,Afternoon,one,Evening,Kolkata,Economy,4.17,24,5293
Indigo,6E-6012,Bangalore,Afternoon,one,Night,Hyderabad,Economy,8.0,48,1694
AirAsia,I5-2991,Kolkata,Night,one,Morning,Delhi,Economy,11.33,46,3014
AirAsia,I5-1569,Mumbai,Night,zero,Night,Bangalore,Economy,1.92,15,5104
Air_India,AI-441,Delhi,Evening,one,Morning,Chennai,Economy,17.08,28,4566
Vistara,UK-954,Mumbai,Early_Morning,one,Night,Chennai,Economy,14.25,37,4348
AirAsia,I5-2473,Kolkata,Morning,one,Late_Night,Delhi,Economy,15.67,11,6820
Indigo,6E-6214,Kolkata,Morning,zero,Afternoon,Mumbai,Economy,2.75,47,4499
Vistara,UK-822,Chennai,Morning,one,Night,Delhi,Business,12.17,47,68112
Indigo,6E-5209,Mumbai,Early_Morning,one,Afternoon,Kolkata,Economy,7.08,24,6611
Air_India,AI-865,Delhi,Morning,one,Morning,Kolkata,Economy,22.17,7,14355
Vistara,UK-772,Kolkata,Morning,one,Night,Delhi,Business,13.33,8,84756
Vistara,UK-829,Delhi,Early_Morning,one,Night,Mumbai,Economy,15.92,48,5227
AirAsia,I5-784,Delhi,Evening,one,Late_Night,Kolkata,Economy,9.5,36,4031
Vistara,UK-945,Delhi,Morning,one,Early_Morning,Hyderabad,Business,20.17,35,46097
Air_India,AI-763,Kolkata,Early_Morning,one,Afternoon,Mumbai,Economy,5.83,42,5102
Indigo,6E-549,Delhi,Afternoon,zero,Evening,Mumbai,Economy,2.25,20,3001
Vistara,UK-859,Delhi,Morning,zero,Afternoon,Hyderabad,Economy,2.17,7,6060
Vistara,UK-877,Mumbai,Morning,one,Night,Delhi,Business,12.08,33,47844
Indigo,6E-6021,Kolkata,Afternoon,one,Night,Mumbai,Economy,9.5,22,5754
Indigo,6E-6684,Hyderabad,Night,zero,Night,Delhi,Economy,2.25,13,6133
Vistara,UK-776,Kolkata,Evening,one,Morning,Chennai,Business,18.25,35,55502
Air_India,AI-809,Mumbai,Morning,one,Night,Bangalore,Economy,10.08,3,20433
Vistara,UK-878,Hyderabad,Afternoon,one,Morning,Bangalore,Business,21.83,21,38099
Air_India,AI-673,Mumbai,Early_Morning,one,Evening,Delhi,Business,10.08,5,59021
Vistara,UK-810,Bangalore,Early_Morning,one,Afternoon,Mumbai,Business,8.0,27,67004
Air_India,AI-559,Hyderabad,Early_Morning,one,Evening,Bangalore,Business,9.75,20,56590
GO_FIRST,G8-241,Bangalore,Evening,one,Early_Morning,Kolkata,Economy,14.83,21,5177
Air_India,AI-9745,Kolkata,Morning,one,Night,Delhi,Economy,12.33,9,9534
AirAsia,I5-550,Delhi,Evening,two_or_more,Morning,Chennai,Economy,15.75,47,1998
AirAsia,I5-744,Delhi,Morning,one,Afternoon,Bangalore,Economy,5.25,37,3090
Air_India,AI-402,Kolkata,Morning,zero,Afternoon,Delhi,Business,2.5,38,28510
Vistara,UK-826,Chennai,Afternoon,one,Morning,Kolkata,Business,21.17,33,54896
Vistara,UK-860,Hyderabad,Early_Morning,one,Evening,Mumbai,Business,10.83,21,58315
GO_FIRST,G8-339,Mumbai,Evening,one,Early_Morning,Kolkata,Economy,12.75,47,5817
AirAsia,I5-942,Mumbai,Afternoon,two_or_more,Evening,Kolkata,Economy,6.17,5,7411
Indigo,6E-6513,Kolkata,Morning,one,Evening,Hyderabad,Economy,8.75,26,6489
Vistara,UK-877,Mumbai,Morning,one,Morning,Bangalore,Economy,22.08,25,4658
Vistara,UK-941,Delhi,Evening,zero,Evening,Mumbai,Business,2.33,9,29992
SpiceJet,SG-8158,Mumbai,Evening,zero,Night,Delhi,Economy,2.42,20,2614
Vistara,UK-738,Kolkata,Evening,one,Morning,Bangalore,Economy,17.08,45,8111
Vistara,UK-880,Hyderabad,Afternoon,one,Evening,Kolkata,Economy,6.17,42,5960
GO_FIRST,G8-338,Delhi,Morning,one,Night,Kolkata,Economy,13.08,33,6395
Vistara,UK-773,Mumbai,Evening,zero,Evening,Kolkata,Business,2.58,21,31436
Vistara,UK-927,Delhi,Morning,zero,Morning,Mumbai,Economy,2.08,14,5955
Air_India,AI-676,Kolkata,Morning,one,Night,Delhi,Economy,10.75,11,13524
SpiceJet,SG-455,Mumbai,Afternoon,one,Night,Kolkata,Economy,5.92,12,12349
Air_India,AI-503,Bangalore,Evening,one,Morning,Chennai,Economy,15.08,44,6024
Vistara,UK-706,Kolkata,Morning,one,Night,Mumbai,Economy,11.33,13,14804
GO_FIRST,G8-102,Kolkata,Afternoon,one,Night,Mumbai,Economy,7.58,26,6883
Vistara,UK-985,Delhi,Evening,one,Morning,Chennai,Economy,16.0,30,5098
Vistara,UK-852,Bangalore,Morning,one,Night,Chennai,Economy,10.75,29,6120
SpiceJet,SG-3832,Kolkata,Morning,one,Afternoon,Hyderabad,Economy,3.67,36,5227
Vistara,UK-824,Chennai,Night,one,Afternoon,Delhi,Economy,17.58,27,5206
Indigo,6E-841,Bangalore,Afternoon,one,Night,Hyderabad,Economy,6.08,26,2767
Vistara,UK-706,Kolkata,Morning,one,Night,Bangalore,Business,12.42,12,60978
Air_India,AI-506,Delhi,Morning,one,Night,Hyderabad,Economy,10.5,45,5950
Vistara,UK-893,Bangalore,Evening,two_or_more,Morning,Chennai,Economy,12.92,12,12412
Indigo,6.00E-199,Hyderabad,Early_Morning,one,Afternoon,Kolkata,Economy,6.33,48,4600
Vistara,UK-977,Delhi,Evening,one,Morning,Kolkata,Business,14.67,29,67769
Vistara,UK-953,Delhi,Night,one,Morning,Chennai,Business,12.17,32,45672
Vistara,UK-801,Delhi,Morning,one,Morning,Hyderabad,Economy,24.0,40,5761
Air_India,AI-698,Hyderabad,Night,zero,Night,Mumbai,Business,1.67,44,17738
Indigo,6.00E-128,Delhi,Early_Morning,one,Morning,Kolkata,Economy,5.0,34,2482
SpiceJet,SG-2697,Mumbai,Night,one,Night,Delhi,Economy,25.92,20,3512
Vistara,UK-738,Kolkata,Evening,one,Afternoon,Mumbai,Business,19.25,14,56991
Vistara,UK-776,Kolkata,Evening,one,Late_Night,Delhi,Economy,7.33,43,6461
Vistara,UK-816,Bangalore,Morning,one,Night,Chennai,Economy,8.75,2,21979
GO_FIRST,G8-404,Delhi,Morning,one,Afternoon,Kolkata,Economy,5.67,45,5094
Air_India,AI-763,Kolkata,Early_Morning,one,Morning,Chennai,Economy,26.0,45,4969
Indigo,6.00E-179,Mumbai,Morning,one,Afternoon,Hyderabad,Economy,4.25,40,7096
Vistara,UK-986,Mumbai,Night,one,Night,Chennai,Economy,21.5,30,4348
Indigo,6E-7183,Chennai,Early_Morning,two_or_more,Evening,Hyderabad,Economy,10.17,11,6937
Vistara,UK-706,Kolkata,Morning,two_or_more,Morning,Chennai,Economy,25.58,36,15082
Indigo,6E-371,Hyderabad,Evening,zero,Evening,Bangalore,Economy,1.33,43,1776
Air_India,AI-503,Bangalore,Evening,one,Morning,Mumbai,Economy,16.33,35,6158
Vistara,UK-928,Mumbai,Early_Morning,one,Night,Chennai,Economy,13.75,36,4348
Air_India,AI-9547,Bangalore,Evening,one,Evening,Delhi,Economy,21.75,13,13579
Vistara,UK-878,Hyderabad,Afternoon,one,Evening,Chennai,Economy,7.0,31,6287
Indigo,6E-6172,Kolkata,Night,one,Morning,Bangalore,Economy,11.25,20,3591
Air_India,AI-607,Mumbai,Evening,one,Evening,Kolkata,Economy,24.83,24,5595
Vistara,UK-878,Hyderabad,Afternoon,one,Evening,Bangalore,Business,4.83,24,38099
Indigo,6E-827,Hyderabad,Morning,zero,Afternoon,Bangalore,Economy,1.17,45,1776
Vistara,UK-838,Chennai,Night,one,Morning,Hyderabad,Business,12.58,8,51457
Air_India,AI-573,Bangalore,Afternoon,one,Evening,Mumbai,Business,29.0,18,44863
Vistara,UK-826,Chennai,Afternoon,one,Night,Delhi,Economy,8.17,41,4971
Indigo,6E-409,Bangalore,Afternoon,one,Evening,Kolkata,Economy,4.5,37,5756
Indigo,6E-6109,Mumbai,Morning,one,Afternoon,Chennai,Economy,5.67,44,1890
Air_India,AI-465,Delhi,Evening,one,Evening,Bangalore,Economy,25.08,38,5504
Indigo,6E-6749,Mumbai,Early_Morning,zero,Morning,Kolkata,Economy,2.67,21,4499
Air_India,AI-543,Hyderabad,Morning,one,Night,Bangalore,Business,8.75,44,56590
Air_India,AI-402,Kolkata,Morning,one,Evening,Chennai,Business,8.58,13,55983
Vistara,UK-776,Kolkata,Evening,one,Evening,Bangalore,Business,25.67,8,52287
AirAsia,I5-1528,Bangalore,Early_Morning,one,Evening,Kolkata,Economy,13.33,3,15808
Air_India,AI-541,Hyderabad,Evening,one,Morning,Mumbai,Economy,16.83,40,4363
Indigo,6E-5002,Chennai,Morning,one,Night,Kolkata,Economy,10.75,44,3219
Air_India,AI-9517,Bangalore,Evening,zero,Night,Hyderabad,Economy,1.42,3,4339
Vistara,UK-951,Delhi,Afternoon,one,Night,Bangalore,Business,8.5,33,42457
AirAsia,I5-1563,Kolkata,Evening,two_or_more,Morning,Hyderabad,Economy,13.0,30,4589
Air_India,AI-679,Mumbai,Morning,one,Evening,Delhi,Business,9.42,6,70171
Air_India,AI-619,Mumbai,Night,one,Morning,Kolkata,Business,11.83,31,36980
Indigo,6E-395,Mumbai,Evening,zero,Night,Kolkata,Economy,2.5,20,4499
Air_India,AI-663,Mumbai,Afternoon,one,Night,Bangalore,Economy,9.08,29,7035
SpiceJet,SG-387,Kolkata,Night,one,Morning,Bangalore,Economy,12.0,41,4477
AirAsia,I5-972,Bangalore,Evening,zero,Evening,Hyderabad,Economy,1.33,29,1714
Vistara,UK-830,Hyderabad,Morning,one,Night,Bangalore,Business,12.33,19,56702
AirAsia,I5-722,Bangalore,Late_Night,zero,Late_Night,Delhi,Economy,2.92,12,7489
Vistara,UK-824,Chennai,Night,one,Night,Delhi,Business,25.42,3,66465
AirAsia,I5-818,Bangalore,Early_Morning,one,Evening,Hyderabad,Economy,13.83,31,4336
Vistara,UK-927,Delhi,Morning,one,Evening,Kolkata,Business,7.33,41,59929
Vistara,UK-830,Hyderabad,Morning,one,Night,Mumbai,Economy,11.67,6,10783
GO_FIRST,G8-509,Hyderabad,Early_Morning,zero,Early_Morning,Bangalore,Economy,1.0,25,1776
Vistara,UK-944,Mumbai,Afternoon,zero,Evening,Delhi,Business,2.25,41,34460
Vistara,UK-854,Bangalore,Evening,one,Morning,Chennai,Economy,17.42,29,5107
Vistara,UK-810,Bangalore,Early_Morning,one,Night,Mumbai,Economy,13.08,27,7212
Air_India,AI-526,Kolkata,Evening,one,Afternoon,Delhi,Business,18.83,2,56206
Vistara,UK-975,Delhi,Early_Morning,one,Night,Hyderabad,Business,15.17,43,59649
Vistara,UK-873,Mumbai,Early_Morning,one,Afternoon,Delhi,Business,9.33,32,47844
Vistara,UK-933,Delhi,Afternoon,one,Early_Morning,Hyderabad,Economy,16.33,7,9840
Indigo,6E-6591,Hyderabad,Afternoon,one,Evening,Chennai,Economy,5.08,34,1543
Vistara,UK-833,Delhi,Early_Morning,one,Afternoon,Mumbai,Business,7.33,7,57689
Air_India,AI-624,Delhi,Evening,one,Morning,Bangalore,Business,16.17,43,42457
SpiceJet,SG-3239,Hyderabad,Early_Morning,one,Night,Kolkata,Economy,16.0,46,6595
Vistara,UK-828,Chennai,Early_Morning,one,Night,Delhi,Business,16.0,38,74944
Vistara,UK-880,Hyderabad,Afternoon,one,Evening,Mumbai,Business,5.67,38,53835
Air_India,AI-440,Chennai,Early_Morning,one,Night,Mumbai,Economy,15.42,6,11567
AirAsia,I5-550,Delhi,Evening,one,Early_Morning,Hyderabad,Economy,13.92,27,2050
Indigo,6E-563,Kolkata,Morning,one,Evening,Hyderabad,Economy,9.0,33,2436
Air_India,AI-507,Bangalore,Early_Morning,one,Evening,Delhi,Economy,12.0,10,10324
Indigo,6E-761,Delhi,Evening,one,Night,Kolkata,Economy,4.17,41,2482
Vistara,UK-773,Mumbai,Evening,zero,Evening,Kolkata,Business,2.58,22,31436
Vistara,UK-819,Delhi,Afternoon,one,Morning,Hyderabad,Economy,18.83,42,5761
Air_India,AI-651,Mumbai,Morning,one,Night,Kolkata,Economy,10.25,11,10471
Vistara,UK-933,Delhi,Afternoon,one,Evening,Kolkata,Business,25.33,42,65529
GO_FIRST,G8-519,Kolkata,Evening,one,Late_Night,Delhi,Economy,8.5,21,6324
Air_India,AI-423,Delhi,Early_Morning,one,Night,Mumbai,Business,15.25,32,59033
Air_India,AI-619,Mumbai,Night,one,Afternoon,Delhi,Economy,19.0,17,4554
Vistara,UK-852,Bangalore,Morning,one,Evening,Delhi,Economy,10.25,41,4796
Indigo,6E-7224,Hyderabad,Evening,one,Night,Chennai,Economy,6.83,10,6753
Air_India,AI-503,Bangalore,Evening,one,Morning,Hyderabad,Business,16.67,22,56476
Indigo,6E-881,Chennai,Afternoon,one,Night,Bangalore,Economy,6.75,44,4204
Indigo,6E-606,Chennai,Evening,zero,Night,Kolkata,Economy,2.33,41,2359
GO_FIRST,G8-171,Delhi,Evening,one,Early_Morning,Kolkata,Economy,13.25,29,5954
Vistara,UK-864,Bangalore,Evening,one,Late_Night,Delhi,Business,5.92,12,42521
Air_India,AI-729,Kolkata,Morning,two_or_more,Night,Chennai,Business,13.75,34,70220
Indigo,6E-975,Bangalore,Night,zero,Late_Night,Kolkata,Economy,2.42,21,3393
Air_India,AI-541,Hyderabad,Evening,one,Morning,Bangalore,Economy,16.67,17,6314
AirAsia,I5-330,Mumbai,Night,one,Afternoon,Bangalore,Economy,13.5,46,2074
Air_India,AI-840,Hyderabad,Night,one,Afternoon,Bangalore,Economy,15.67,33,6314
Vistara,UK-993,Delhi,Afternoon,one,Night,Chennai,Economy,10.25,33,4979
Vistara,UK-836,Chennai,Morning,one,Night,Bangalore,Economy,10.17,5,15794
Air_India,AI-424,Kolkata,Afternoon,one,Morning,Delhi,Business,19.92,25,43305
Vistara,UK-981,Delhi,Night,one,Evening,Kolkata,Business,19.17,35,65529
Vistara,UK-778,Kolkata,Afternoon,one,Night,Chennai,Economy,7.42,26,5910
Vistara,UK-854,Bangalore,Evening,one,Early_Morning,Hyderabad,Business,13.42,46,37985
Vistara,UK-706,Kolkata,Morning,one,Morning,Chennai,Business,23.67,43,55983
Vistara,UK-832,Chennai,Early_Morning,one,Evening,Bangalore,Business,10.08,4,78152
Vistara,UK-832,Chennai,Early_Morning,one,Evening,Hyderabad,Economy,10.08,5,15648
Air_India,AI-839,Delhi,Night,one,Night,Mumbai,Business,26.5,31,41113
Air_India,AI-767,Delhi,Afternoon,one,Night,Bangalore,Business,8.67,23,52522
Vistara,UK-950,Mumbai,Night,one,Evening,Kolkata,Economy,20.17,36,5949
SpiceJet,SG-198,Bangalore,Night,zero,Late_Night,Delhi,Economy,2.67,5,7488
Air_India,AI-864,Mumbai,Early_Morning,one,Night,Chennai,Business,16.58,33,49613
Vistara,UK-846,Bangalore,Morning,one,Night,Hyderabad,Business,12.42,36,37985
Air_India,AI-543,Hyderabad,Morning,one,Evening,Kolkata,Economy,7.83,43,4368
Vistara,UK-877,Mumbai,Morning,zero,Afternoon,Hyderabad,Economy,1.5,28,3450
Indigo,6E-5307,Mumbai,Morning,one,Evening,Bangalore,Economy,7.08,6,8300
Air_India,AI-773,Kolkata,Evening,zero,Night,Mumbai,Economy,2.83,38,4759
Air_India,AI-542,Delhi,Morning,one,Night,Mumbai,Business,14.17,43,41113
Indigo,6.00E-269,Chennai,Morning,one,Evening,Mumbai,Economy,6.67,44,2792
Vistara,UK-772,Kolkata,Morning,one,Morning,Chennai,Economy,22.42,34,7021
Vistara,UK-824,Chennai,Night,one,Morning,Bangalore,Economy,14.25,31,4755
Indigo,6E-2753,Delhi,Evening,one,Night,Bangalore,Economy,6.5,22,3354
Air_India,AI-401,Delhi,Early_Morning,one,Night,Chennai,Economy,14.5,40,4945
Vistara,UK-870,Hyderabad,Night,zero,Night,Delhi,Economy,2.25,46,2350
Vistara,UK-824,Chennai,Night,one,Evening,Kolkata,Economy,23.42,36,7081
Vistara,UK-776,Kolkata,Evening,one,Morning,Bangalore,Economy,17.17,49,6295
SpiceJet,SG-6017,Chennai,Early_Morning,zero,Early_Morning,Hyderabad,Economy,1.25,10,4202
Vistara,UK-808,Bangalore,Early_Morning,one,Night,Chennai,Business,14.75,41,60396
GO_FIRST,G8-336,Delhi,Afternoon,zero,Evening,Mumbai,Economy,2.25,17,2410
Vistara,UK-854,Bangalore,Evening,one,Morning,Chennai,Economy,17.42,14,9241
Indigo,6E-605,Chennai,Afternoon,one,Evening,Hyderabad,Economy,4.75,40,1105
Vistara,UK-836,Chennai,Morning,one,Night,Mumbai,Business,9.5,34,80566
Vistara,UK-988,Mumbai,Night,one,Evening,Kolkata,Economy,21.17,6,12557
Vistara,UK-810,Bangalore,Early_Morning,one,Night,Kolkata,Economy,15.75,14,11205
Vistara,UK-860,Hyderabad,Early_Morning,one,Night,Mumbai,Economy,17.0,6,11319
Indigo,6E-6007,Hyderabad,Night,zero,Late_Night,Chennai,Economy,1.25,15,4453
Vistara,UK-890,Hyderabad,Evening,one,Evening,Kolkata,Business,24.42,44,51819
Air_India,AI-9720,Kolkata,Early_Morning,one,Afternoon,Hyderabad,Economy,28.67,22,5859
GO_FIRST,G8-306,Mumbai,Morning,one,Evening,Bangalore,Economy,9.33,30,6337
Vistara,UK-834,Chennai,Evening,one,Evening,Kolkata,Economy,26.42,41,5660
Air_India,AI-543,Hyderabad,Morning,one,Night,Kolkata,Business,11.0,21,51707
Air_India,AI-570,Mumbai,Early_Morning,zero,Early_Morning,Chennai,Business,2.0,28,23484
Vistara,UK-940,Mumbai,Evening,one,Evening,Hyderabad,Economy,21.25,35,4099
AirAsia,I5-1229,Chennai,Evening,zero,Evening,Bangalore,Economy,0.92,35,1443
Vistara,UK-950,Mumbai,Night,one,Morning,Kolkata,Economy,11.67,21,5949
Vistara,UK-858,Bangalore,Early_Morning,one,Evening,Chennai,Economy,9.67,43,6120
Vistara,UK-817,Delhi,Evening,one,Night,Mumbai,Economy,5.75,27,6296
Air_India,AI-541,Hyderabad,Evening,one,Night,Mumbai,Economy,5.92,44,4363
Vistara,UK-832,Chennai,Early_Morning,one,Night,Kolkata,Business,15.83,14,55377
Air_India,AI-773,Kolkata,Evening,one,Evening,Delhi,Business,26.25,48,53743
GO_FIRST,G8-717,Delhi,Evening,one,Late_Night,Mumbai,Economy,9.25,46,3330
Indigo,6E-5431,Mumbai,Afternoon,one,Evening,Bangalore,Economy,6.58,48,2124
Indigo,6E-541,Bangalore,Morning,one,Night,Kolkata,Economy,10.92,34,3393
Indigo,6E-588,Chennai,Evening,one,Late_Night,Mumbai,Economy,6.5,41,4089
Air_India,AI-541,Hyderabad,Evening,one,Night,Kolkata,Economy,6.08,29,5209
Vistara,UK-871,Delhi,Night,one,Morning,Bangalore,Economy,12.25,25,3357
Indigo,6E-495,Chennai,Early_Morning,one,Evening,Mumbai,Economy,10.0,13,9400
Vistara,UK-864,Bangalore,Evening,one,Evening,Chennai,Business,24.92,36,44280
AirAsia,I5-1780,Bangalore,Early_Morning,one,Morning,Kolkata,Economy,6.83,14,5176
Vistara,UK-852,Bangalore,Morning,one,Afternoon,Hyderabad,Business,26.75,13,41860
Indigo,6E-893,Kolkata,Morning,one,Evening,Delhi,Economy,7.08,29,6085
Air_India,AI-839,Delhi,Night,zero,Night,Hyderabad,Economy,2.17,15,2518
Vistara,UK-802,Bangalore,Evening,one,Morning,Mumbai,Economy,14.92,7,11205
Vistara,UK-943,Delhi,Early_Morning,one,Night,Hyderabad,Business,13.42,34,53937
Vistara,UK-975,Delhi,Early_Morning,one,Evening,Kolkata,Business,14.17,32,65529
SpiceJet,SG-4010,Chennai,Morning,zero,Morning,Bangalore,Economy,1.33,32,1444
Indigo,6E-5394,Chennai,Early_Morning,zero,Morning,Mumbai,Economy,2.0,8,7772
Vistara,UK-871,Delhi,Night,one,Evening,Bangalore,Economy,22.92,21,3357
Air_India,AI-645,Mumbai,Morning,one,Evening,Delhi,Economy,6.75,45,4768
AirAsia,I5-764,Delhi,Early_Morning,one,Afternoon,Bangalore,Economy,10.33,12,7423
Air_India,AI-505,Bangalore,Morning,one,Night,Hyderabad,Economy,13.17,33,5780
Vistara,UK-859,Delhi,Morning,one,Morning,Mumbai,Economy,23.58,16,4678
Vistara,UK-838,Chennai,Night,one,Early_Morning,Mumbai,Business,10.83,32,69825
Air_India,AI-9755,Kolkata,Early_Morning,one,Night,Delhi,Economy,14.33,46,5282
Vistara,UK-738,Kolkata,Evening,one,Night,Chennai,Economy,28.0,10,11853
Indigo,6E-6104,Bangalore,Morning,one,Evening,Delhi,Economy,5.17,12,10586
Vistara,UK-772,Kolkata,Morning,one,Early_Morning,Bangalore,Economy,21.42,5,12166
GO_FIRST,G8-165,Delhi,Early_Morning,one,Afternoon,Hyderabad,Economy,7.25,38,6340
GO_FIRST,G8-387,Mumbai,Afternoon,one,Night,Delhi,Economy,6.33,46,5618
Vistara,UK-878,Hyderabad,Afternoon,one,Night,Delhi,Business,7.75,35,54115
Vistara,UK-981,Delhi,Night,one,Morning,Chennai,Economy,14.17,37,5098
AirAsia,I5-410,Bangalore,Early_Morning,one,Evening,Delhi,Economy,12.0,16,4570
Air_India,AI-440,Chennai,Early_Morning,one,Night,Hyderabad,Business,17.42,21,51345
Vistara,UK-870,Hyderabad,Night,one,Evening,Bangalore,Business,20.42,42,63277
GO_FIRST,G8-312,Bangalore,Evening,one,Night,Delhi,Economy,5.58,16,3466
Indigo,6E-6222,Mumbai,Morning,one,Evening,Delhi,Economy,8.17,10,6430
Indigo,6E-6066,Hyderabad,Morning,one,Afternoon,Kolkata,Economy,6.58,41,3223
Air_India,AI-773,Kolkata,Evening,one,Morning,Delhi,Economy,15.92,29,6339
Vistara,UK-825,Mumbai,Morning,zero,Morning,Chennai,Economy,2.08,34,3020
Air_India,AI-687,Mumbai,Afternoon,one,Morning,Hyderabad,Economy,19.92,45,4173
Air_India,AI-610,Bangalore,Evening,one,Morning,Chennai,Business,15.75,26,43865
Indigo,6E-541,Bangalore,Morning,one,Afternoon,Mumbai,Economy,5.75,13,6548
Vistara,UK-893,Bangalore,Evening,one,Night,Delhi,Economy,26.92,12,9904
Vistara,UK-876,Hyderabad,Night,one,Evening,Chennai,Business,22.33,13,41314
Indigo,6E-605,Chennai,Afternoon,one,Evening,Mumbai,Economy,5.5,34,2792
Vistara,UK-825,Mumbai,Morning,zero,Morning,Chennai,Economy,2.08,27,3020
Vistara,UK-720,Kolkata,Early_Morning,one,Night,Mumbai,Business,14.42,15,59254
Vistara,UK-874,Hyderabad,Morning,one,Evening,Bangalore,Economy,10.75,43,5441
Indigo,6E-6205,Delhi,Afternoon,one,Night,Chennai,Economy,9.08,47,2050
Indigo,6E-6233,Delhi,Late_Night,one,Morning,Chennai,Economy,9.5,39,2050
Vistara,UK-858,Bangalore,Early_Morning,one,Afternoon,Hyderabad,Business,5.58,35,37985
Indigo,6E-2336,Delhi,Early_Morning,zero,Morning,Bangalore,Economy,2.67,16,4500
AirAsia,I5-1529,Delhi,Morning,one,Afternoon,Chennai,Economy,5.5,29,1998
AirAsia,I5-710,Delhi,Morning,one,Evening,Bangalore,Economy,7.42,43,3090
Indigo,6E-496,Kolkata,Early_Morning,one,Evening,Chennai,Economy,10.83,30,5179
Vistara,UK-858,Bangalore,Early_Morning,zero,Morning,Mumbai,Economy,1.58,46,2150
Vistara,UK-737,Delhi,Afternoon,one,Night,Mumbai,Business,7.58,40,59033
AirAsia,I5-798,Delhi,Afternoon,two_or_more,Night,Bangalore,Economy,8.25,28,3090
GO_FIRST,G8-537,Kolkata,Evening,one,Early_Morning,Bangalore,Economy,15.25,29,12546
Vistara,UK-897,Bangalore,Early_Morning,one,Afternoon,Delhi,Economy,7.75,23,3346
Air_India,AI-9518,Hyderabad,Night,one,Morning,Delhi,Economy,12.17,17,5708
Air_India,AI-763,Kolkata,Early_Morning,one,Evening,Chennai,Economy,12.0,33,4969
Air_India,AI-525,Hyderabad,Early_Morning,one,Night,Delhi,Economy,16.75,48,5118
Air_India,AI-640,Bangalore,Early_Morning,one,Early_Morning,Chennai,Economy,24.58,41,3720
Vistara,UK-864,Bangalore,Evening,one,Late_Night,Delhi,Economy,5.92,35,4111
Vistara,UK-820,Bangalore,Evening,one,Morning,Chennai,Economy,16.08,42,6161
Indigo,6.00E-152,Delhi,Morning,one,Evening,Mumbai,Economy,7.67,43,2410
Vistara,UK-988,Mumbai,Night,one,Evening,Hyderabad,Business,22.92,48,58125
Air_India,AI-9517,Bangalore,Evening,zero,Night,Hyderabad,Economy,1.42,37,1977
Vistara,UK-671,Delhi,Evening,two_or_more,Night,Chennai,Economy,30.83,47,7490
Vistara,UK-986,Mumbai,Night,one,Night,Chennai,Economy,21.5,31,4348
Air_India,AI-501,Bangalore,Afternoon,one,Night,Mumbai,Economy,7.92,39,6578
AirAsia,I5-1529,Delhi,Morning,one,Late_Night,Mumbai,Economy,15.0,13,5949
Vistara,UK-809,Delhi,Evening,one,Night,Hyderabad,Economy,25.08,32,5761
Indigo,6E-487,Kolkata,Morning,zero,Afternoon,Delhi,Economy,2.42,36,4389
Vistara,UK-875,Mumbai,Evening,one,Morning,Bangalore,Economy,13.5,10,8148
AirAsia,I5-710,Delhi,Morning,one,Evening,Bangalore,Economy,7.42,18,3090
Air_India,AI-765,Kolkata,Evening,one,Evening,Delhi,Economy,26.58,43,4919
Air_India,AI-840,Hyderabad,Night,one,Afternoon,Chennai,Business,15.83,32,51595
Vistara,UK-975,Delhi,Early_Morning,one,Evening,Bangalore,Economy,12.0,41,4272
SpiceJet,SG-2976,Delhi,Evening,one,Night,Mumbai,Economy,4.5,23,3519
Indigo,6E-2172,Mumbai,Morning,zero,Morning,Delhi,Economy,2.17,47,2738
Air_India,AI-640,Bangalore,Early_Morning,one,Afternoon,Delhi,Business,5.5,34,42521
Air_India,AI-770,Kolkata,Night,one,Evening,Hyderabad,Business,22.83,15,52063
SpiceJet,SG-387,Kolkata,Night,one,Morning,Bangalore,Economy,12.0,37,3992
Vistara,UK-613,Mumbai,Afternoon,two_or_more,Evening,Kolkata,Economy,7.33,45,7978
Air_India,AI-525,Hyderabad,Early_Morning,one,Evening,Chennai,Business,11.08,49,39682
GO_FIRST,G8-7535,Delhi,Evening,one,Night,Kolkata,Economy,6.58,13,5954
Air_India,AI-537,Delhi,Evening,zero,Evening,Chennai,Business,2.75,40,27864
GO_FIRST,G8-551,Hyderabad,Morning,one,Night,Mumbai,Economy,12.75,47,3700
Air_India,AI-748,Bangalore,Late_Night,zero,Early_Morning,Kolkata,Economy,2.58,4,5179
Air_India,AI-442,Mumbai,Afternoon,one,Morning,Chennai,Business,17.33,3,57554
Air_India,AI-9745,Kolkata,Morning,two_or_more,Morning,Hyderabad,Economy,24.33,24,6055
Vistara,UK-860,Hyderabad,Early_Morning,one,Evening,Bangalore,Business,12.0,9,56702
Vistara,UK-838,Chennai,Night,one,Afternoon,Mumbai,Economy,16.92,11,11069
Vistara,UK-778,Kolkata,Afternoon,one,Night,Hyderabad,Economy,7.58,48,5632
Vistara,UK-832,Chennai,Early_Morning,one,Evening,Mumbai,Business,9.58,22,49553
Vistara,UK-811,Delhi,Early_Morning,two_or_more,Evening,Kolkata,Business,10.92,25,91659
Vistara,UK-894,Hyderabad,Evening,one,Afternoon,Delhi,Economy,18.17,41,5823
Indigo,6E-2054,Delhi,Early_Morning,zero,Morning,Mumbai,Economy,2.17,11,5955
Vistara,UK-841,Mumbai,Morning,one,Evening,Delhi,Economy,5.67,31,12558
GO_FIRST,G8-322,Mumbai,Night,one,Early_Morning,Kolkata,Economy,10.75,36,6252
Vistara,UK-933,Delhi,Afternoon,one,Morning,Bangalore,Business,17.33,9,54777
GO_FIRST,G8-7535,Delhi,Evening,one,Early_Morning,Kolkata,Economy,14.5,43,6395
Indigo,6E-6021,Kolkata,Afternoon,one,Night,Mumbai,Economy,9.5,6,14312
GO_FIRST,G8-2513,Delhi,Evening,one,Early_Morning,Kolkata,Economy,15.0,24,10498
Air_India,AI-770,Kolkata,Night,one,Evening,Hyderabad,Economy,22.83,38,5144
Indigo,6E-2336,Delhi,Early_Morning,one,Afternoon,Chennai,Economy,9.75,22,4316
Vistara,UK-826,Chennai,Afternoon,one,Morning,Bangalore,Economy,20.33,45,4755
Vistara,UK-860,Hyderabad,Early_Morning,one,Afternoon,Mumbai,Business,8.17,38,64890
Vistara,UK-738,Kolkata,Evening,one,Early_Morning,Mumbai,Economy,13.17,7,11139
Air_India,AI-868,Delhi,Evening,one,Evening,Bangalore,Economy,24.5,10,11940
Indigo,6E-5394,Chennai,Early_Morning,zero,Morning,Mumbai,Economy,2.0,13,5882
Air_India,AI-640,Bangalore,Early_Morning,one,Night,Kolkata,Economy,16.92,20,6462
Vistara,UK-859,Delhi,Morning,one,Night,Mumbai,Economy,12.58,19,5227
Air_India,AI-663,Mumbai,Afternoon,one,Night,Hyderabad,Economy,7.67,41,5182
Indigo,6E-5384,Mumbai,Morning,one,Afternoon,Delhi,Economy,6.42,23,8558
Indigo,6E-6214,Kolkata,Morning,zero,Afternoon,Mumbai,Economy,3.0,12,7959
AirAsia,I5-830,Kolkata,Night,one,Afternoon,Bangalore,Economy,12.75,24,3862
Vistara,UK-928,Mumbai,Early_Morning,one,Night,Kolkata,Business,16.25,21,57565
Vistara,UK-774,Kolkata,Night,one,Afternoon,Hyderabad,Business,15.67,34,49207
Air_India,AI-525,Hyderabad,Early_Morning,one,Evening,Delhi,Business,12.0,9,47586
Vistara,UK-877,Mumbai,Morning,one,Afternoon,Delhi,Economy,4.92,12,9828
Vistara,UK-951,Delhi,Afternoon,one,Night,Bangalore,Business,8.5,30,42457
Air_India,AI-639,Mumbai,Morning,one,Night,Delhi,Business,14.42,5,53152
Air_India,AI-453,Delhi,Early_Morning,two_or_more,Morning,Kolkata,Economy,27.92,21,9523
Vistara,UK-621,Mumbai,Afternoon,one,Evening,Delhi,Business,27.5,26,44069
Vistara,UK-705,Delhi,Early_Morning,one,Night,Mumbai,Business,12.83,11,59033
Air_India,AI-619,Mumbai,Night,one,Night,Bangalore,Economy,26.0,37,3633
Air_India,AI-610,Bangalore,Evening,two_or_more,Evening,Chennai,Economy,21.08,10,12949
Air_India,AI-9517,Bangalore,Evening,one,Early_Morning,Chennai,Economy,12.5,26,5221
GO_FIRST,G8-119,Delhi,Evening,zero,Night,Bangalore,Economy,2.75,44,4501
Vistara,UK-871,Delhi,Night,one,Morning,Mumbai,Economy,13.42,30,5227
Air_India,AI-678,Delhi,Morning,one,Night,Kolkata,Business,14.67,44,53209
Vistara,UK-880,Hyderabad,Afternoon,one,Night,Bangalore,Economy,9.42,6,14973
Vistara,UK-981,Delhi,Night,one,Morning,Chennai,Economy,14.0,17,5643
Vistara,UK-894,Hyderabad,Evening,two_or_more,Morning,Kolkata,Economy,15.17,23,7692
AirAsia,I5-1562,Bangalore,Afternoon,one,Night,Kolkata,Economy,7.5,41,3393
GO_FIRST,G8-391,Mumbai,Afternoon,zero,Afternoon,Delhi,Economy,2.25,21,2339
