,school,sex,age,address,famsize,Pstatus,Medu,Fedu,Mjob,Fjob,reason,guardian,traveltime,studytime,failures,schoolsup,famsup,paid,activities,nursery,higher,internet,romantic,famrel,freetime,goout,Dalc,Walc,health,absences,G1,G2,G3,average,sum,percentage
0,GP,F,18,2,GT3,1,4,4,at_home,teacher,course,mother,2,2,0,2,1,1,no,yes,yes,1,no,4,3,4,1,1,3,4,0,11,11,7.333333333333333,22,36.666666666666664
1,GP,F,17,2,GT3,2,1,1,at_home,other,course,father,1,2,0,1,2,1,no,no,yes,2,no,5,3,3,1,1,3,2,9,11,11,10.333333333333334,31,51.66666666666667
2,GP,F,15,2,LE3,2,1,1,at_home,other,other,mother,1,2,0,2,1,1,no,yes,yes,2,no,4,3,2,2,3,3,6,12,13,12,12.333333333333334,37,61.66666666666667
3,GP,F,15,2,GT3,2,4,2,health,services,home,mother,1,3,0,1,2,1,yes,yes,yes,2,yes,3,2,2,1,1,5,0,14,14,14,14.0,42,70.0
4,GP,F,16,2,GT3,2,3,3,other,other,home,father,1,2,0,1,2,1,no,yes,yes,1,no,4,3,2,1,2,5,0,11,13,13,12.333333333333334,37,61.66666666666667
5,GP,M,16,2,LE3,2,4,3,services,other,reputation,mother,1,2,0,1,2,1,yes,yes,yes,2,no,5,4,2,1,2,5,6,12,12,13,12.333333333333334,37,61.66666666666667
6,GP,M,16,2,LE3,2,2,2,other,other,home,mother,1,2,0,1,1,1,no,yes,yes,2,no,4,4,4,1,1,3,0,13,12,13,12.666666666666666,38,63.33333333333333
7,GP,F,17,2,GT3,1,4,4,other,teacher,home,mother,2,2,0,2,2,1,no,yes,yes,1,no,4,1,4,1,1,1,2,10,13,13,12.0,36,60.0
8,GP,M,15,2,LE3,1,3,2,services,other,home,mother,1,2,0,1,2,1,no,yes,yes,2,no,4,2,2,1,1,1,0,15,16,17,16.0,48,80.0
9,GP,M,15,2,GT3,2,3,4,other,other,home,mother,1,2,0,1,2,1,yes,yes,yes,2,no,5,5,1,1,1,5,0,12,12,13,12.333333333333334,37,61.66666666666667
10,GP,F,15,2,GT3,2,4,4,teacher,health,reputation,mother,1,2,0,1,2,1,no,yes,yes,2,no,3,3,3,1,2,2,2,14,14,14,14.0,42,70.0
11,GP,F,15,2,GT3,2,2,1,services,other,reputation,father,3,3,0,1,2,1,yes,yes,yes,2,no,5,2,2,1,1,4,0,10,12,13,11.666666666666666,35,58.333333333333336
12,GP,M,15,2,LE3,2,4,4,health,services,course,father,1,1,0,1,2,1,yes,yes,yes,2,no,4,3,3,1,3,5,0,12,13,12,12.333333333333334,37,61.66666666666667
13,GP,M,15,2,GT3,2,4,3,teacher,other,course,mother,2,2,0,1,2,1,no,yes,yes,2,no,5,4,3,1,2,3,0,12,12,13,12.333333333333334,37,61.66666666666667
14,GP,M,15,2,GT3,1,2,2,other,other,home,other,1,3,0,1,2,1,no,yes,yes,2,yes,4,5,2,1,1,3,0,14,14,15,14.333333333333334,43,71.66666666666667
15,GP,F,16,2,GT3,2,4,4,health,other,home,mother,1,1,0,1,2,1,no,yes,yes,2,no,4,4,4,1,2,2,6,17,17,17,17.0,51,85.0
16,GP,F,16,2,GT3,2,4,4,services,services,reputation,mother,1,3,0,1,2,1,yes,yes,yes,2,no,3,2,3,1,2,2,10,13,13,14,13.333333333333334,40,66.66666666666666
17,GP,F,16,2,GT3,2,3,3,other,other,reputation,mother,3,2,0,2,2,1,yes,yes,yes,1,no,5,3,2,1,1,4,2,13,14,14,13.666666666666666,41,68.33333333333333
18,GP,M,17,2,GT3,2,3,2,services,services,course,mother,1,1,3,1,2,2,yes,yes,yes,2,no,5,5,5,2,4,5,2,8,8,7,7.666666666666667,23,38.333333333333336
19,GP,M,16,2,LE3,2,4,3,health,other,home,father,1,1,0,1,1,1,yes,yes,yes,2,no,3,1,3,1,3,5,6,12,12,12,12.0,36,60.0
20,GP,M,15,2,GT3,2,4,3,teacher,other,reputation,mother,1,2,0,1,1,1,no,yes,yes,2,no,4,4,1,1,1,1,0,12,13,14,13.0,39,65.0
21,GP,M,15,2,GT3,2,4,4,health,health,other,father,1,1,0,1,2,2,no,yes,yes,2,no,5,4,2,1,1,5,0,11,12,12,11.666666666666666,35,58.333333333333336
22,GP,M,16,2,LE3,2,4,2,teacher,other,course,mother,1,2,0,1,1,1,yes,yes,yes,2,no,4,5,1,1,3,5,0,12,13,14,13.0,39,65.0
23,GP,M,16,2,LE3,2,2,2,other,other,reputation,mother,2,2,0,1,2,1,yes,yes,yes,2,no,5,4,4,2,4,5,2,10,10,10,10.0,30,50.0
24,GP,F,15,1,GT3,2,2,4,services,health,course,mother,1,3,0,2,2,1,yes,yes,yes,2,no,4,3,2,1,1,5,2,10,11,10,10.333333333333334,31,51.66666666666667
25,GP,F,16,2,GT3,2,2,2,services,services,home,mother,1,1,0,1,2,1,no,no,yes,2,no,1,2,2,1,3,5,6,10,11,12,11.0,33,55.00000000000001
26,GP,M,15,2,GT3,2,2,2,other,other,home,mother,1,1,0,1,2,1,no,yes,yes,2,no,4,2,2,1,2,5,8,11,12,12,11.666666666666666,35,58.333333333333336
27,GP,M,15,2,GT3,2,4,2,health,services,other,mother,1,1,0,1,1,1,no,yes,yes,2,no,2,2,4,2,4,1,0,11,11,11,11.0,33,55.00000000000001
28,GP,M,16,2,LE3,1,3,4,services,other,home,mother,1,2,0,2,2,2,yes,yes,yes,2,no,5,3,3,1,1,5,2,12,12,13,12.333333333333334,37,61.66666666666667
29,GP,M,16,2,GT3,2,4,4,teacher,teacher,home,mother,1,2,0,1,2,2,yes,yes,yes,2,yes,4,4,5,5,5,5,4,12,11,12,11.666666666666666,35,58.333333333333336
30,GP,M,15,2,GT3,2,4,4,health,services,home,mother,1,2,0,1,2,2,no,no,yes,2,no,5,4,2,3,4,5,0,10,11,11,10.666666666666666,32,53.333333333333336
31,GP,M,15,2,GT3,2,4,4,services,services,reputation,mother,2,2,0,1,2,1,yes,yes,yes,2,no,4,3,1,1,1,5,2,15,15,15,15.0,45,75.0
32,GP,M,15,1,GT3,2,4,3,teacher,at_home,course,mother,1,2,0,1,2,1,yes,yes,yes,2,yes,4,5,2,1,1,5,0,13,14,15,14.0,42,70.0
33,GP,M,15,2,LE3,2,3,3,other,other,course,mother,1,2,0,1,1,1,yes,no,yes,2,no,5,3,2,1,1,2,0,13,12,12,12.333333333333334,37,61.66666666666667
34,GP,M,16,2,GT3,2,3,2,other,other,home,mother,1,1,0,1,2,1,no,no,yes,2,no,5,4,3,1,1,5,4,12,12,12,12.0,36,60.0
35,GP,F,15,2,GT3,2,2,3,other,other,other,father,2,1,0,1,2,1,yes,yes,yes,1,no,3,5,1,1,1,5,4,11,11,11,11.0,33,55.00000000000001
36,GP,M,15,2,LE3,2,4,3,teacher,services,home,mother,1,3,0,1,2,1,yes,yes,yes,2,no,5,4,3,1,1,4,0,14,14,14,14.0,42,70.0
37,GP,M,16,1,GT3,1,4,4,other,teacher,reputation,mother,2,3,0,1,2,1,yes,yes,yes,2,yes,2,4,3,1,1,5,4,13,13,13,13.0,39,65.0
38,GP,F,15,1,GT3,2,3,4,services,health,course,mother,1,3,0,2,2,1,yes,yes,yes,2,no,4,3,2,1,1,5,2,11,12,12,11.666666666666666,35,58.333333333333336
39,GP,F,15,1,GT3,2,2,2,at_home,other,reputation,mother,1,1,0,2,2,1,yes,yes,yes,1,no,4,3,1,1,1,2,8,14,13,12,13.0,39,65.0
40,GP,F,16,2,LE3,2,2,2,other,other,home,mother,2,2,0,1,2,1,yes,no,yes,2,yes,3,3,3,1,2,3,16,11,11,10,10.666666666666666,32,53.333333333333336
41,GP,M,15,2,LE3,2,4,4,teacher,other,home,other,1,1,0,1,2,1,no,no,yes,2,yes,5,4,3,2,4,5,8,10,11,11,10.666666666666666,32,53.333333333333336
42,GP,M,15,2,GT3,2,4,4,services,teacher,course,father,1,2,0,1,2,1,yes,yes,yes,2,no,4,3,3,1,1,5,0,14,15,15,14.666666666666666,44,73.33333333333333
43,GP,M,15,2,GT3,2,2,2,services,services,course,father,1,1,0,2,2,1,no,yes,yes,2,no,5,4,1,1,1,1,0,9,10,10,9.666666666666666,29,48.333333333333336
44,GP,F,16,2,LE3,2,2,2,other,at_home,course,father,2,2,1,2,1,1,yes,yes,yes,2,no,4,3,3,2,2,5,14,10,11,11,10.666666666666666,32,53.333333333333336
45,GP,F,15,2,LE3,1,4,3,other,other,course,mother,1,2,0,2,2,2,yes,yes,yes,2,yes,5,2,2,1,1,5,4,10,11,11,10.666666666666666,32,53.333333333333336
46,GP,F,16,2,LE3,1,3,3,other,services,home,mother,1,2,0,1,2,1,no,yes,yes,2,no,2,3,5,1,4,3,6,13,12,13,12.666666666666666,38,63.33333333333333
47,GP,M,16,2,GT3,2,4,3,health,services,reputation,mother,1,4,0,1,1,1,yes,yes,yes,2,no,4,2,2,1,1,2,2,17,17,17,17.0,51,85.0
48,GP,M,15,2,GT3,2,4,2,teacher,other,home,mother,1,2,0,1,2,1,no,yes,yes,1,no,4,3,3,2,2,5,4,11,12,13,12.0,36,60.0
49,GP,F,15,2,GT3,2,4,4,services,teacher,other,father,1,2,0,2,2,1,yes,no,yes,2,no,4,4,4,1,1,3,2,13,12,12,12.333333333333334,37,61.66666666666667
50,GP,F,16,2,LE3,2,2,2,services,services,course,mother,3,2,0,1,2,1,no,yes,yes,2,no,4,3,3,2,3,4,0,14,13,13,13.333333333333334,40,66.66666666666666
51,GP,F,15,2,LE3,2,4,2,health,other,other,mother,1,2,0,1,2,1,no,yes,yes,2,no,4,3,3,1,1,5,0,16,14,16,15.333333333333334,46,76.66666666666667
52,GP,M,15,2,LE3,1,4,2,health,health,other,father,2,1,0,1,1,1,no,yes,yes,1,no,5,5,5,3,4,5,4,10,9,9,9.333333333333334,28,46.666666666666664
53,GP,F,15,2,GT3,2,4,4,services,services,course,mother,1,1,0,2,2,1,no,yes,yes,2,no,3,3,4,2,3,5,0,13,12,12,12.333333333333334,37,61.66666666666667
54,GP,F,15,2,LE3,1,3,3,other,other,other,mother,1,1,0,1,1,1,no,yes,yes,2,no,5,3,4,4,4,1,0,13,12,13,12.666666666666666,38,63.33333333333333
55,GP,F,16,2,GT3,1,2,1,other,other,other,mother,1,2,0,1,1,1,yes,yes,yes,2,yes,5,3,4,1,1,2,2,12,13,12,12.333333333333334,37,61.66666666666667
56,GP,F,15,2,GT3,1,4,3,services,services,reputation,mother,1,2,0,1,2,1,yes,yes,yes,2,no,4,3,2,1,1,1,0,15,14,15,14.666666666666666,44,73.33333333333333
57,GP,M,15,2,GT3,2,4,4,teacher,health,reputation,mother,1,2,0,1,2,1,yes,yes,yes,1,no,3,2,2,1,1,5,8,15,15,16,15.333333333333334,46,76.66666666666667
58,GP,M,15,2,LE3,2,1,2,other,at_home,home,father,1,2,0,2,2,1,yes,yes,yes,2,no,4,3,2,1,1,5,0,14,13,14,13.666666666666666,41,68.33333333333333
59,GP,F,16,2,GT3,2,4,2,services,other,course,mother,1,2,0,1,2,2,no,yes,yes,2,no,4,2,3,1,1,5,2,16,15,16,15.666666666666666,47,78.33333333333333
60,GP,F,16,1,GT3,2,4,4,health,teacher,other,mother,1,2,0,1,2,1,yes,yes,yes,1,no,2,4,4,2,3,4,0,17,16,16,16.333333333333332,49,81.66666666666667
61,GP,F,16,2,GT3,2,1,1,services,services,course,father,4,1,0,2,2,1,yes,no,yes,2,yes,5,5,5,5,5,5,0,10,10,16,12.0,36,60.0
62,GP,F,16,2,LE3,2,1,2,other,services,reputation,father,1,2,0,2,1,1,yes,yes,yes,2,no,4,4,3,1,1,1,0,13,13,10,12.0,36,60.0
63,GP,F,16,2,GT3,2,4,3,teacher,health,home,mother,1,3,0,2,2,1,yes,yes,yes,2,no,3,4,4,2,4,4,0,14,13,13,13.333333333333334,40,66.66666666666666
64,GP,F,15,2,LE3,2,4,3,services,services,reputation,father,1,2,0,2,1,1,yes,yes,yes,2,yes,4,4,4,2,4,2,0,13,12,12,12.333333333333334,37,61.66666666666667
65,GP,F,16,2,LE3,2,4,3,teacher,services,course,mother,3,2,0,1,2,1,yes,yes,yes,2,no,5,4,3,1,2,1,2,16,15,16,15.666666666666666,47,78.33333333333333
66,GP,M,15,2,GT3,1,4,4,other,services,reputation,mother,1,4,0,1,2,1,yes,no,yes,2,yes,1,3,3,5,5,3,0,11,12,12,11.666666666666666,35,58.333333333333336
67,GP,F,16,2,GT3,2,3,1,services,other,course,mother,1,4,0,2,2,1,no,yes,yes,2,no,4,3,3,1,2,5,0,10,9,10,9.666666666666666,29,48.333333333333336
68,GP,F,15,1,LE3,2,2,2,health,services,reputation,mother,2,2,0,2,2,1,no,yes,yes,2,no,4,1,3,1,3,4,0,11,10,11,10.666666666666666,32,53.333333333333336
69,GP,F,15,1,LE3,2,3,1,other,other,reputation,father,2,4,0,1,2,1,no,no,yes,2,no,4,4,2,2,3,3,6,15,15,15,15.0,45,75.0
70,GP,M,16,2,GT3,2,3,1,other,other,reputation,father,2,4,0,1,2,1,no,yes,yes,2,no,4,3,2,1,1,5,2,13,11,11,11.666666666666666,35,58.333333333333336
71,GP,M,15,2,GT3,2,4,2,other,other,course,mother,1,4,0,1,1,1,no,yes,yes,2,no,3,3,3,1,1,3,0,11,9,10,10.0,30,50.0
72,GP,F,15,1,GT3,2,1,1,other,other,reputation,mother,1,2,0,2,2,1,no,no,yes,2,yes,3,3,4,2,4,5,2,13,11,11,11.666666666666666,35,58.333333333333336
73,GP,M,16,2,GT3,2,3,1,other,other,reputation,mother,1,1,0,1,1,1,yes,yes,yes,1,no,5,3,2,2,2,5,0,13,13,14,13.333333333333334,40,66.66666666666666
74,GP,F,16,2,GT3,2,3,3,other,services,home,mother,1,2,0,2,2,1,yes,yes,yes,2,no,4,3,3,2,4,5,4,11,11,11,11.0,33,55.00000000000001
75,GP,M,15,2,GT3,2,4,3,teacher,other,home,mother,1,2,0,1,2,1,yes,yes,yes,2,no,4,3,3,2,3,5,0,11,11,11,11.0,33,55.00000000000001
76,GP,M,15,2,GT3,2,4,0,teacher,other,course,mother,2,4,0,1,1,1,yes,yes,yes,2,no,3,4,3,1,1,1,0,12,11,11,11.333333333333334,34,56.666666666666664
77,GP,F,16,2,GT3,2,2,2,other,other,reputation,mother,1,4,0,1,1,1,no,yes,yes,2,yes,5,2,3,1,3,3,1,13,13,13,13.0,39,65.0
78,GP,M,17,2,GT3,2,2,1,other,other,home,mother,2,1,3,2,2,1,yes,yes,no,2,no,4,5,1,1,1,3,0,9,9,10,9.333333333333334,28,46.666666666666664
79,GP,F,16,2,GT3,2,3,4,at_home,other,course,mother,1,2,0,1,2,1,no,yes,yes,2,no,2,4,3,1,2,3,14,12,11,11,11.333333333333334,34,56.666666666666664
80,GP,M,15,2,GT3,2,2,3,other,services,course,father,1,1,0,2,2,1,yes,no,yes,2,yes,3,2,2,1,3,3,0,11,11,12,11.333333333333334,34,56.666666666666664
81,GP,M,15,2,GT3,2,2,3,other,other,home,mother,1,3,0,2,1,1,no,no,yes,2,no,5,3,2,1,2,5,2,10,9,9,9.333333333333334,28,46.666666666666664
82,GP,F,15,2,LE3,2,3,2,services,other,reputation,mother,1,2,0,1,2,1,no,yes,yes,2,no,4,4,4,1,1,5,4,12,11,11,11.333333333333334,34,56.666666666666664
83,GP,M,15,2,LE3,2,2,2,services,services,home,mother,2,2,0,1,1,2,yes,yes,yes,2,no,5,3,3,1,3,4,2,13,12,13,12.666666666666666,38,63.33333333333333
84,GP,F,15,2,GT3,2,1,1,other,other,home,father,1,2,0,1,2,1,yes,no,yes,2,no,4,3,2,2,3,4,2,13,12,12,12.333333333333334,37,61.66666666666667
85,GP,F,15,2,GT3,2,4,4,services,services,reputation,father,2,2,0,1,1,1,no,yes,yes,2,yes,4,4,4,2,3,5,4,12,11,12,11.666666666666666,35,58.333333333333336
86,GP,F,16,2,LE3,2,2,2,at_home,other,course,mother,1,2,0,1,2,1,no,yes,yes,1,no,4,3,4,1,2,2,6,13,11,11,11.666666666666666,35,58.333333333333336
87,GP,F,15,2,GT3,2,4,2,other,other,reputation,mother,1,3,0,1,2,1,yes,yes,yes,2,no,5,3,3,1,3,1,4,15,15,15,15.0,45,75.0
88,GP,M,16,2,GT3,2,2,2,services,other,reputation,father,2,2,0,1,1,1,yes,no,yes,2,no,4,4,2,1,1,3,6,12,10,11,11.0,33,55.00000000000001
89,GP,M,16,2,LE3,1,4,4,teacher,health,reputation,mother,1,2,0,1,2,1,no,yes,yes,1,no,4,1,3,3,5,5,6,9,9,10,9.333333333333334,28,46.666666666666664
90,GP,F,16,2,GT3,2,3,3,other,other,home,mother,1,3,0,1,2,1,no,yes,yes,2,yes,4,3,3,1,3,4,2,9,11,11,10.333333333333334,31,51.66666666666667
91,GP,F,15,2,GT3,2,4,3,services,other,reputation,mother,1,1,0,1,1,1,yes,yes,yes,2,no,4,5,5,1,3,1,6,14,13,13,13.333333333333334,40,66.66666666666666
92,GP,F,16,2,LE3,2,3,1,other,other,home,father,1,2,0,2,2,1,no,yes,yes,1,no,3,3,3,2,3,2,0,12,13,12,12.333333333333334,37,61.66666666666667
93,GP,F,16,2,GT3,2,4,2,teacher,services,home,mother,2,2,0,1,2,1,yes,yes,yes,2,no,5,3,3,1,1,1,2,13,14,14,13.666666666666666,41,68.33333333333333
94,GP,M,15,2,LE3,2,2,2,services,health,reputation,mother,1,4,0,1,2,1,yes,yes,yes,2,no,4,3,4,1,1,4,2,11,12,12,11.666666666666666,35,58.333333333333336
95,GP,F,15,1,GT3,2,1,1,at_home,other,home,mother,2,4,0,2,2,2,yes,yes,yes,2,no,3,1,2,1,1,1,4,13,13,13,13.0,39,65.0
96,GP,M,16,1,GT3,2,4,3,services,other,reputation,mother,2,1,0,2,2,2,yes,no,yes,2,no,3,3,3,1,1,4,6,9,11,11,10.333333333333334,31,51.66666666666667
97,GP,F,16,2,GT3,2,2,1,other,other,course,mother,1,2,0,1,2,1,no,yes,yes,1,yes,4,3,5,1,1,5,0,13,12,12,12.333333333333334,37,61.66666666666667
98,GP,F,16,2,GT3,2,4,4,other,other,reputation,mother,1,1,0,1,1,1,yes,no,yes,2,no,5,3,4,1,2,1,4,12,13,13,12.666666666666666,38,63.33333333333333
99,GP,F,16,2,GT3,2,4,3,other,at_home,course,mother,1,3,0,2,2,1,no,yes,yes,2,no,5,3,5,1,1,3,2,12,13,13,12.666666666666666,38,63.33333333333333
100,GP,M,16,2,GT3,2,4,4,services,services,other,mother,1,1,0,2,2,1,yes,yes,yes,2,no,4,5,5,5,5,4,12,9,9,8,8.666666666666666,26,43.333333333333336
101,GP,M,16,2,GT3,2,4,4,services,teacher,other,father,1,3,0,1,2,1,yes,yes,yes,2,yes,4,4,3,1,1,4,0,16,16,16,16.0,48,80.0
102,GP,M,15,2,GT3,2,4,4,services,other,course,mother,1,1,0,1,2,2,yes,no,yes,2,no,5,3,3,1,1,5,2,12,13,12,12.333333333333334,37,61.66666666666667
103,GP,F,15,2,GT3,2,3,2,services,other,home,mother,2,2,0,2,2,1,no,yes,yes,2,no,4,3,5,1,1,2,16,11,10,10,10.333333333333334,31,51.66666666666667
104,GP,M,15,2,GT3,1,3,4,services,other,course,mother,1,2,0,1,2,1,yes,yes,yes,2,no,5,4,4,1,1,1,0,16,16,16,16.0,48,80.0
105,GP,F,15,2,GT3,1,3,3,other,health,reputation,father,1,4,0,2,1,1,no,yes,yes,1,no,4,3,3,1,1,4,10,10,10,10,10.0,30,50.0
106,GP,F,15,2,GT3,2,2,2,other,other,course,mother,1,4,0,2,2,1,no,yes,yes,2,no,5,1,2,1,1,3,4,10,10,10,10.0,30,50.0
107,GP,M,16,2,GT3,2,3,3,services,other,home,father,1,3,0,1,2,1,yes,yes,yes,2,no,5,3,3,1,1,5,4,13,14,14,13.666666666666666,41,68.33333333333333
108,GP,M,15,1,GT3,2,4,4,other,other,home,father,4,4,0,1,2,1,yes,yes,yes,2,yes,1,3,5,3,5,1,8,12,10,11,11.0,33,55.00000000000001
109,GP,F,16,2,LE3,2,4,4,health,health,other,mother,1,3,0,1,2,1,yes,yes,yes,2,yes,5,4,5,1,1,4,2,15,15,14,14.666666666666666,44,73.33333333333333
110,GP,M,15,2,LE3,1,4,4,teacher,teacher,course,mother,1,1,0,1,1,1,yes,yes,yes,2,no,5,5,3,1,1,4,4,13,14,14,13.666666666666666,41,68.33333333333333
111,GP,F,16,1,GT3,2,3,3,services,other,reputation,father,1,3,0,2,2,1,yes,yes,yes,2,no,4,1,2,1,1,2,4,11,11,11,11.0,33,55.00000000000001
112,GP,F,16,2,GT3,2,2,2,at_home,other,home,mother,1,2,1,2,1,1,yes,yes,yes,2,no,3,1,2,1,1,5,12,8,10,10,9.333333333333334,28,46.666666666666664
113,GP,M,15,2,LE3,2,4,2,teacher,other,course,mother,1,1,0,1,1,1,no,yes,yes,2,no,3,5,2,1,1,3,10,18,17,18,17.666666666666668,53,88.33333333333333
114,GP,M,15,1,GT3,2,2,1,health,services,reputation,mother,1,2,0,1,1,1,yes,yes,yes,2,yes,5,4,2,1,1,5,4,10,9,10,9.666666666666666,29,48.333333333333336
115,GP,M,16,2,GT3,2,4,4,teacher,teacher,course,father,1,2,0,1,2,1,yes,yes,yes,2,no,5,4,4,1,2,5,6,16,14,14,14.666666666666666,44,73.33333333333333
116,GP,M,15,2,GT3,2,4,4,other,teacher,reputation,father,2,2,0,1,2,1,yes,yes,yes,1,no,4,4,3,1,1,2,4,16,15,16,15.666666666666666,47,78.33333333333333
117,GP,M,16,2,GT3,2,3,3,other,services,home,father,2,1,0,1,1,1,yes,yes,yes,2,no,5,4,2,1,1,5,6,14,14,15,14.333333333333334,43,71.66666666666667
118,GP,M,17,1,GT3,2,1,3,other,other,course,father,3,2,1,1,2,1,yes,yes,yes,2,no,5,2,4,1,4,5,14,12,11,11,11.333333333333334,34,56.666666666666664
119,GP,M,15,2,GT3,2,3,4,other,other,reputation,father,1,1,0,1,1,1,no,yes,yes,2,no,3,4,3,1,2,4,2,14,13,14,13.666666666666666,41,68.33333333333333
120,GP,F,15,2,GT3,2,1,2,at_home,services,course,mother,1,2,0,1,1,1,no,no,yes,2,no,3,2,3,1,2,1,0,14,14,14,14.0,42,70.0
121,GP,M,15,2,GT3,2,2,2,services,services,home,father,1,4,0,1,2,1,yes,yes,yes,2,no,5,5,4,1,2,5,6,14,13,13,13.333333333333334,40,66.66666666666666
122,GP,F,16,2,LE3,2,2,4,other,health,course,father,2,2,0,1,2,1,yes,yes,yes,2,yes,4,2,2,1,2,5,2,14,12,13,13.0,39,65.0
123,GP,M,16,2,GT3,2,4,4,health,other,course,mother,1,1,0,1,2,1,yes,yes,yes,2,no,3,4,4,1,4,5,4,12,13,13,12.666666666666666,38,63.33333333333333
124,GP,F,16,2,GT3,2,2,2,other,other,home,mother,1,2,0,1,1,1,no,yes,yes,2,yes,5,4,4,1,1,5,0,12,11,11,11.333333333333334,34,56.666666666666664
125,GP,M,15,2,GT3,2,3,4,services,services,home,father,1,1,0,2,1,1,no,yes,yes,2,no,5,5,5,3,2,5,2,9,9,9,9.0,27,45.0
126,GP,F,15,2,LE3,1,3,4,other,other,home,mother,1,2,0,2,1,1,yes,yes,yes,2,yes,5,3,2,1,1,1,0,10,11,11,10.666666666666666,32,53.333333333333336
127,GP,F,19,2,GT3,2,0,1,at_home,other,course,other,1,2,2,1,2,1,no,no,no,1,no,3,4,2,1,1,5,0,9,10,11,10.0,30,50.0
128,GP,M,16,1,GT3,2,4,4,teacher,teacher,course,mother,1,1,0,1,1,1,yes,yes,yes,2,no,3,5,5,2,5,4,8,14,14,15,14.333333333333334,43,71.66666666666667
129,GP,M,16,2,GT3,2,2,3,other,other,course,mother,2,3,0,1,2,1,no,no,yes,2,yes,3,2,3,2,2,1,4,13,12,13,12.666666666666666,38,63.33333333333333
130,GP,F,15,1,GT3,2,3,4,services,teacher,course,father,2,3,0,1,2,1,no,yes,yes,2,yes,4,2,2,2,2,5,0,10,11,12,11.0,33,55.00000000000001
131,GP,F,18,2,GT3,2,2,1,services,other,reputation,mother,1,2,3,1,2,1,yes,yes,no,2,yes,5,4,5,1,3,5,10,10,9,8,9.0,27,45.0
132,GP,F,17,2,LE3,1,2,1,other,other,course,mother,3,1,0,1,2,1,no,yes,yes,2,no,3,2,2,1,2,5,8,11,10,11,10.666666666666666,32,53.333333333333336
133,GP,F,15,2,GT3,2,1,1,at_home,other,course,mother,3,1,0,1,2,1,yes,no,yes,2,yes,4,3,3,1,2,4,6,11,12,13,12.0,36,60.0
134,GP,F,17,2,LE3,2,2,2,other,other,course,father,1,1,0,1,2,1,no,yes,yes,2,yes,3,4,4,1,3,5,2,13,12,12,12.333333333333334,37,61.66666666666667
135,GP,F,16,2,GT3,1,3,4,services,other,course,father,1,1,0,1,1,1,no,yes,yes,2,no,3,2,1,1,4,5,12,15,13,14,14.0,42,70.0
136,GP,M,16,2,GT3,2,2,1,at_home,other,course,mother,4,1,0,1,1,1,no,yes,yes,1,no,3,2,1,1,1,2,4,9,9,11,9.666666666666666,29,48.333333333333336
137,GP,F,16,2,GT3,1,2,2,other,other,home,mother,1,1,1,1,1,1,no,yes,yes,1,no,5,3,4,1,1,5,12,13,11,11,11.666666666666666,35,58.333333333333336
138,GP,M,15,1,GT3,2,3,4,at_home,teacher,course,mother,4,2,0,1,2,1,no,yes,yes,1,yes,5,3,3,1,1,5,2,12,11,11,11.333333333333334,34,56.666666666666664
139,GP,F,15,2,GT3,2,4,4,services,at_home,course,mother,1,3,0,1,2,1,yes,yes,yes,2,yes,4,3,3,1,1,5,4,13,14,15,14.0,42,70.0
140,GP,M,17,1,GT3,2,3,4,at_home,other,course,mother,3,2,0,1,1,1,no,yes,yes,1,no,5,4,5,2,4,5,2,10,9,10,9.666666666666666,29,48.333333333333336
141,GP,F,16,1,GT3,2,1,1,at_home,other,course,mother,4,2,0,1,2,1,no,yes,yes,1,no,5,1,3,1,1,3,0,14,13,13,13.333333333333334,40,66.66666666666666
142,GP,M,18,2,LE3,2,3,1,services,services,course,mother,2,1,0,1,1,1,yes,yes,yes,2,yes,3,3,4,4,5,4,2,11,11,12,11.333333333333334,34,56.666666666666664
143,GP,F,18,2,GT3,1,3,2,other,services,course,other,1,3,0,1,2,1,yes,no,yes,2,yes,4,3,3,5,1,5,10,12,11,11,11.333333333333334,34,56.666666666666664
144,GP,F,16,1,GT3,2,1,1,other,services,reputation,mother,2,1,0,1,2,1,yes,yes,yes,1,yes,3,3,3,1,2,1,8,12,11,11,11.333333333333334,34,56.666666666666664
145,GP,F,16,2,GT3,1,3,3,other,other,course,other,2,1,0,1,2,1,yes,no,yes,2,yes,4,3,2,1,1,5,4,9,9,10,9.333333333333334,28,46.666666666666664
146,GP,M,16,2,LE3,2,1,1,services,other,course,mother,1,2,2,1,1,1,no,yes,yes,1,yes,4,4,4,1,3,5,0,10,10,10,10.0,30,50.0
147,GP,F,15,2,GT3,2,4,4,teacher,teacher,course,mother,2,1,0,1,1,1,yes,yes,yes,2,no,4,3,2,1,1,5,6,13,14,14,13.666666666666666,41,68.33333333333333
148,GP,F,15,1,GT3,2,1,1,other,other,course,mother,3,1,1,1,1,1,yes,yes,yes,2,yes,5,5,5,1,1,1,2,8,9,9,8.666666666666666,26,43.333333333333336
149,GP,M,15,2,GT3,2,4,3,teacher,services,course,father,2,4,0,2,2,1,no,yes,yes,2,no,2,2,2,1,1,3,6,9,11,11,10.333333333333334,31,51.66666666666667
150,GP,F,15,2,GT3,1,3,3,services,services,home,mother,1,2,0,1,1,1,no,no,yes,1,yes,1,3,2,2,3,1,24,9,8,9,8.666666666666666,26,43.333333333333336
151,GP,M,16,2,GT3,2,4,4,services,services,course,mother,1,3,0,1,2,1,yes,yes,yes,2,no,5,3,3,1,3,5,0,15,13,13,13.666666666666666,41,68.33333333333333
152,GP,M,16,2,LE3,2,2,2,services,services,reputation,father,2,1,0,1,2,1,yes,yes,yes,2,no,2,3,3,2,2,2,4,12,11,11,11.333333333333334,34,56.666666666666664
153,GP,F,15,2,GT3,2,4,4,teacher,services,course,mother,1,3,0,1,2,1,yes,yes,yes,2,no,4,2,2,1,1,5,2,13,13,13,13.0,39,65.0
154,GP,F,16,2,LE3,2,1,1,at_home,at_home,course,mother,1,1,0,1,1,1,no,yes,yes,2,no,3,4,4,3,3,1,4,10,11,11,10.666666666666666,32,53.333333333333336
155,GP,M,17,2,GT3,2,2,1,other,other,home,mother,1,1,0,1,2,1,no,yes,yes,2,no,5,4,5,1,2,5,22,9,7,6,7.333333333333333,22,36.666666666666664
156,GP,F,15,2,GT3,2,1,1,other,services,course,father,1,2,0,1,2,1,no,yes,yes,2,no,4,4,2,1,2,5,0,12,12,12,12.0,36,60.0
157,GP,F,15,2,LE3,1,2,1,at_home,other,home,mother,2,1,0,1,2,1,yes,yes,no,2,yes,4,4,2,1,1,5,0,11,10,10,10.333333333333334,31,51.66666666666667
158,GP,F,15,2,GT3,2,3,2,health,services,home,father,1,2,1,1,2,1,no,yes,yes,2,no,3,3,2,1,1,3,2,11,11,11,11.0,33,55.00000000000001
159,GP,F,15,2,GT3,2,1,2,at_home,other,course,mother,1,2,0,1,2,1,no,no,yes,2,no,4,3,2,1,1,5,6,13,12,13,12.666666666666666,38,63.33333333333333
160,GP,F,15,2,GT3,2,1,2,at_home,services,course,father,1,2,0,1,1,1,no,no,yes,1,yes,2,3,4,2,4,1,6,11,11,11,11.0,33,55.00000000000001
161,GP,M,16,2,GT3,2,4,4,teacher,teacher,course,mother,1,1,0,1,2,1,no,yes,no,2,yes,3,3,2,2,1,5,16,9,9,8,8.666666666666666,26,43.333333333333336
162,GP,M,15,2,LE3,1,2,1,services,other,course,mother,4,1,0,1,1,1,no,yes,yes,2,no,4,5,5,2,5,5,0,12,11,11,11.333333333333334,34,56.666666666666664
163,GP,M,18,2,LE3,2,1,1,other,other,course,mother,1,1,2,1,1,1,no,yes,no,2,yes,2,3,5,2,5,4,0,11,9,0,6.666666666666667,20,33.33333333333333
164,GP,M,16,2,LE3,2,2,1,at_home,other,course,mother,1,1,1,1,1,1,yes,yes,yes,1,yes,4,4,4,3,5,5,6,9,10,10,9.666666666666666,29,48.333333333333336
165,GP,F,15,1,GT3,2,3,3,services,services,reputation,other,2,3,0,1,2,2,yes,yes,yes,2,yes,4,2,1,2,3,3,2,13,13,13,13.0,39,65.0
166,GP,M,19,2,GT3,2,3,2,services,at_home,home,mother,1,1,0,1,2,1,no,yes,no,2,yes,4,5,4,1,1,4,6,11,9,11,10.333333333333334,31,51.66666666666667
167,GP,F,17,2,GT3,2,4,4,other,teacher,course,mother,1,1,0,2,2,1,no,yes,yes,1,yes,4,2,1,1,1,4,0,13,13,13,13.0,39,65.0
168,GP,M,15,1,GT3,2,2,3,at_home,services,course,mother,1,2,0,2,1,2,yes,yes,yes,1,no,4,4,4,1,1,1,0,7,8,8,7.666666666666667,23,38.333333333333336
169,GP,M,17,1,LE3,2,1,2,other,other,reputation,mother,1,1,3,1,1,1,no,yes,yes,1,no,2,2,2,3,3,5,14,9,8,10,9.0,27,45.0
170,GP,F,18,1,GT3,2,1,1,at_home,other,course,mother,3,1,3,1,2,1,yes,no,yes,1,no,5,2,5,1,5,4,6,11,10,11,10.666666666666666,32,53.333333333333336
171,GP,M,16,1,GT3,2,2,2,at_home,other,course,mother,3,1,0,1,1,1,no,no,yes,1,no,4,2,2,1,2,3,4,12,10,11,11.0,33,55.00000000000001
172,GP,M,16,2,GT3,2,3,3,other,services,course,father,1,2,1,1,2,1,no,yes,yes,2,yes,4,5,5,4,4,5,0,10,10,1,7.0,21,35.0
173,GP,M,16,2,LE3,2,1,2,health,services,course,mother,2,1,2,1,1,1,no,no,yes,2,no,4,4,5,3,5,5,0,9,8,10,9.0,27,45.0
174,GP,M,17,1,LE3,2,2,1,at_home,other,course,mother,2,1,1,1,1,2,yes,yes,no,2,yes,3,3,2,2,2,5,8,8,8,9,8.333333333333334,25,41.66666666666667
175,GP,M,17,1,GT3,2,3,2,other,other,course,mother,2,2,2,2,2,1,no,yes,yes,2,yes,4,4,4,1,4,3,4,7,6,8,7.0,21,35.0
176,GP,M,15,2,LE3,2,1,2,other,other,course,mother,2,1,0,1,1,1,yes,yes,yes,1,no,4,4,4,2,4,5,2,8,9,10,9.0,27,45.0
177,GP,M,16,2,GT3,2,1,3,at_home,services,course,father,1,1,1,1,1,1,no,yes,no,2,no,5,3,3,1,4,2,2,9,8,8,8.333333333333334,25,41.66666666666667
178,GP,M,17,1,LE3,2,1,1,other,services,course,mother,4,2,0,1,1,1,yes,yes,no,1,yes,5,3,5,1,5,5,0,8,8,8,8.0,24,40.0
179,GP,M,17,2,GT3,2,3,2,services,services,course,mother,2,1,3,1,2,1,yes,no,no,1,no,4,5,2,1,1,2,10,8,7,8,7.666666666666667,23,38.333333333333336
180,GP,M,16,2,GT3,2,2,2,other,other,course,father,1,2,0,1,1,1,no,yes,no,2,no,4,3,5,2,4,4,0,9,10,11,10.0,30,50.0
181,GP,F,16,2,GT3,2,4,2,health,services,home,father,1,2,0,1,1,1,no,yes,yes,2,yes,4,2,3,1,1,3,0,17,17,18,17.333333333333332,52,86.66666666666667
182,GP,F,16,2,GT3,2,2,2,other,other,home,mother,1,2,0,1,2,1,no,no,yes,2,no,5,1,5,1,1,4,0,12,12,13,12.333333333333334,37,61.66666666666667
183,GP,F,16,2,GT3,2,4,4,health,health,reputation,mother,1,2,0,1,2,1,no,yes,yes,2,yes,4,4,2,1,1,3,0,16,16,17,16.333333333333332,49,81.66666666666667
184,GP,M,16,2,GT3,2,3,4,other,other,course,father,3,1,1,1,2,1,yes,no,yes,2,no,3,4,5,2,4,2,4,9,9,10,9.333333333333334,28,46.666666666666664
185,GP,M,16,2,GT3,2,1,0,other,other,reputation,mother,2,2,0,1,2,1,yes,yes,yes,2,yes,4,3,2,1,1,3,0,16,17,18,17.0,51,85.0
186,GP,M,17,2,LE3,2,4,4,teacher,other,reputation,mother,1,2,0,1,2,1,yes,yes,yes,2,no,4,4,4,1,3,5,0,11,9,10,10.0,30,50.0
187,GP,F,16,2,GT3,2,1,3,at_home,services,home,mother,1,2,0,1,1,1,yes,no,yes,2,yes,4,3,5,1,1,3,0,14,13,13,13.333333333333334,40,66.66666666666666
188,GP,F,16,2,LE3,2,3,3,other,other,reputation,mother,2,2,0,1,2,1,yes,yes,yes,2,no,4,4,5,1,1,4,0,14,14,15,14.333333333333334,43,71.66666666666667
189,GP,M,17,2,LE3,2,4,3,teacher,other,course,mother,2,2,0,1,1,1,yes,yes,yes,2,no,4,4,4,4,4,4,0,10,11,11,10.666666666666666,32,53.333333333333336
190,GP,F,16,2,GT3,2,2,2,services,other,reputation,mother,2,2,0,1,1,1,yes,no,yes,2,no,3,4,4,1,4,5,0,13,12,14,13.0,39,65.0
191,GP,M,17,2,GT3,2,3,3,other,other,reputation,father,1,2,0,1,1,1,yes,no,yes,2,no,4,3,4,1,4,4,4,11,9,10,10.0,30,50.0
192,GP,M,16,1,GT3,2,4,2,teacher,services,other,mother,1,1,0,1,2,1,yes,yes,yes,2,yes,4,3,3,3,4,3,8,10,9,11,10.0,30,50.0
193,GP,M,17,2,GT3,2,4,3,other,other,course,mother,1,2,0,1,2,2,yes,yes,yes,2,yes,5,2,3,1,1,2,4,11,11,13,11.666666666666666,35,58.333333333333336
194,GP,M,16,2,GT3,2,4,3,teacher,other,home,mother,1,2,0,1,2,2,yes,yes,yes,2,no,3,4,3,2,3,3,4,11,10,11,10.666666666666666,32,53.333333333333336
195,GP,M,16,2,GT3,2,3,3,services,other,home,mother,1,2,0,1,1,1,yes,yes,yes,2,yes,4,2,3,1,2,3,0,11,12,13,12.0,36,60.0
196,GP,F,17,2,GT3,2,2,4,services,services,reputation,father,1,2,0,1,2,1,yes,yes,yes,1,no,5,4,2,2,3,5,0,17,18,17,17.333333333333332,52,86.66666666666667
197,GP,F,17,2,LE3,2,3,3,other,other,reputation,mother,1,2,0,1,2,1,yes,yes,yes,2,yes,5,3,3,2,3,1,32,14,13,14,13.666666666666666,41,68.33333333333333
198,GP,F,16,2,GT3,2,3,2,other,other,reputation,mother,1,2,0,1,2,1,no,yes,yes,2,no,1,2,2,1,2,1,8,14,15,16,15.0,45,75.0
199,GP,M,17,2,GT3,2,3,3,services,services,other,mother,1,2,0,1,2,1,yes,yes,yes,2,yes,4,3,4,2,3,4,6,11,13,14,12.666666666666666,38,63.33333333333333
200,GP,M,16,2,GT3,2,1,2,services,services,other,mother,1,1,0,1,2,1,yes,yes,yes,2,yes,3,3,3,1,2,3,0,10,9,11,10.0,30,50.0
201,GP,M,16,2,LE3,2,2,1,other,other,course,mother,1,2,0,1,1,1,yes,yes,yes,2,yes,4,2,3,1,2,5,0,13,14,16,14.333333333333334,43,71.66666666666667
202,GP,F,17,2,GT3,1,3,3,health,other,reputation,mother,1,2,0,1,2,1,no,no,yes,2,yes,3,3,3,1,3,3,10,12,13,14,13.0,39,65.0
203,GP,M,17,1,GT3,2,1,2,at_home,other,home,mother,1,2,0,1,1,1,no,yes,yes,1,no,3,1,3,1,5,3,6,9,9,10,9.333333333333334,28,46.666666666666664
204,GP,F,16,2,GT3,2,2,3,services,services,course,mother,1,2,0,1,1,1,no,yes,yes,2,no,4,3,3,1,1,2,6,12,12,13,12.333333333333334,37,61.66666666666667
205,GP,F,17,2,GT3,2,1,1,at_home,services,course,mother,1,2,0,1,1,1,yes,yes,yes,2,no,5,3,3,1,1,3,0,12,11,12,11.666666666666666,35,58.333333333333336
206,GP,M,17,2,GT3,2,1,2,at_home,services,other,other,2,2,0,1,1,1,yes,no,yes,2,no,4,4,4,4,5,5,16,10,11,12,11.0,33,55.00000000000001
207,GP,M,16,1,GT3,2,3,3,services,services,reputation,mother,1,1,0,1,2,1,yes,yes,yes,2,no,4,3,2,3,4,5,0,11,10,10,10.333333333333334,31,51.66666666666667
208,GP,M,16,2,GT3,2,2,3,other,other,home,father,2,1,0,1,1,1,no,yes,yes,2,no,5,3,3,1,1,3,0,13,12,12,12.333333333333334,37,61.66666666666667
209,GP,F,17,2,LE3,2,2,4,services,services,course,father,1,2,0,1,1,1,yes,yes,yes,2,yes,4,3,2,1,1,5,8,14,15,16,15.0,45,75.0
210,GP,M,17,2,GT3,2,4,4,services,teacher,home,mother,1,1,0,1,1,1,no,yes,yes,2,no,5,2,3,1,2,5,4,13,13,14,13.333333333333334,40,66.66666666666666
211,GP,M,16,1,LE3,2,3,3,teacher,other,home,father,3,1,0,1,2,1,yes,yes,yes,2,no,3,3,4,3,5,3,16,10,11,12,11.0,33,55.00000000000001
212,GP,F,17,2,GT3,2,4,4,services,teacher,home,mother,2,1,1,1,2,1,no,yes,yes,2,no,4,2,4,2,3,2,30,14,15,16,15.0,45,75.0
213,GP,F,16,2,LE3,2,4,4,teacher,teacher,reputation,mother,1,2,0,1,2,1,no,yes,yes,2,no,4,5,2,1,2,3,0,11,10,11,10.666666666666666,32,53.333333333333336
214,GP,F,16,2,GT3,2,4,3,health,other,home,mother,1,2,0,1,2,1,yes,yes,yes,2,no,4,3,5,1,5,2,2,14,14,15,14.333333333333334,43,71.66666666666667
215,GP,F,16,2,GT3,2,2,3,other,other,reputation,mother,1,2,0,2,2,1,yes,yes,yes,1,no,4,4,3,1,3,4,4,11,12,12,11.666666666666666,35,58.333333333333336
216,GP,F,17,2,GT3,2,1,1,other,other,course,mother,1,2,0,1,2,1,no,no,yes,1,no,4,4,4,1,3,1,0,14,15,15,14.666666666666666,44,73.33333333333333
217,GP,F,17,1,GT3,2,2,2,other,other,reputation,mother,1,1,0,1,2,1,no,yes,yes,2,no,5,3,2,1,2,3,21,13,13,13,13.0,39,65.0
218,GP,F,16,1,GT3,2,2,2,services,services,reputation,mother,2,4,0,1,2,1,yes,no,yes,2,no,5,3,5,1,1,5,6,13,13,13,13.0,39,65.0
219,GP,F,17,2,GT3,2,3,4,at_home,services,home,mother,1,3,1,1,2,2,no,yes,yes,2,yes,4,4,3,3,4,5,14,8,9,8,8.333333333333334,25,41.66666666666667
220,GP,F,16,2,GT3,1,3,1,services,other,course,mother,1,2,0,1,2,1,no,yes,yes,2,no,2,3,3,2,2,4,2,11,11,12,11.333333333333334,34,56.666666666666664
221,GP,F,16,2,GT3,2,4,3,teacher,other,other,mother,1,2,0,1,1,1,yes,yes,yes,2,yes,1,3,2,1,1,1,4,14,15,15,14.666666666666666,44,73.33333333333333
222,GP,F,16,2,GT3,2,1,1,at_home,other,home,mother,2,1,0,1,2,1,no,yes,yes,1,no,4,3,2,1,4,5,2,12,13,13,12.666666666666666,38,63.33333333333333
223,GP,F,17,1,GT3,2,4,3,teacher,other,reputation,mother,2,3,0,1,2,1,yes,yes,yes,2,yes,4,4,2,1,1,4,0,11,12,12,11.666666666666666,35,58.333333333333336
224,GP,F,19,2,GT3,2,3,3,other,other,reputation,other,1,4,0,1,2,1,yes,yes,yes,2,no,4,3,3,1,2,3,4,12,12,12,12.0,36,60.0
225,GP,M,17,2,LE3,2,4,4,services,other,home,mother,1,2,0,1,2,1,no,yes,yes,2,yes,5,3,5,4,5,3,15,13,12,12,12.333333333333334,37,61.66666666666667
226,GP,F,16,2,GT3,1,2,2,other,other,reputation,mother,1,2,0,2,2,1,no,yes,yes,2,no,3,3,4,1,1,4,0,13,13,13,13.0,39,65.0
227,GP,M,18,2,GT3,2,2,2,services,other,home,mother,1,2,0,1,2,1,yes,yes,yes,2,no,4,4,4,2,4,5,10,12,11,11,11.333333333333334,34,56.666666666666664
228,GP,F,17,1,LE3,2,4,4,services,other,other,mother,1,1,0,1,2,1,no,yes,yes,1,no,5,2,1,1,2,3,6,12,11,11,11.333333333333334,34,56.666666666666664
229,GP,F,17,2,LE3,2,3,2,other,other,reputation,mother,2,2,0,1,1,1,no,yes,yes,2,no,4,4,4,1,3,1,2,14,16,15,15.0,45,75.0
230,GP,F,17,2,GT3,2,4,3,other,other,reputation,mother,1,2,0,1,1,1,no,yes,yes,2,yes,3,4,5,2,4,1,16,11,9,10,10.0,30,50.0
231,GP,M,18,2,LE3,2,3,3,services,health,home,father,1,2,0,1,2,1,no,yes,yes,2,no,3,2,4,2,4,4,10,10,10,10,10.0,30,50.0
232,GP,F,17,2,GT3,2,2,3,at_home,other,home,father,2,1,0,1,2,1,no,yes,yes,1,no,3,3,3,1,4,3,4,12,13,13,12.666666666666666,38,63.33333333333333
233,GP,F,17,2,GT3,2,2,2,at_home,at_home,course,mother,1,3,0,1,2,1,yes,yes,yes,2,no,4,3,3,1,1,4,0,12,12,13,12.333333333333334,37,61.66666666666667
234,GP,F,17,1,GT3,2,2,1,at_home,services,reputation,mother,2,2,0,1,2,1,yes,yes,yes,2,no,4,2,5,1,2,5,0,11,10,11,10.666666666666666,32,53.333333333333336
235,GP,F,17,2,GT3,2,1,1,at_home,other,reputation,mother,1,3,0,1,2,1,yes,yes,yes,1,yes,4,3,4,1,1,5,12,12,12,12,12.0,36,60.0
236,GP,F,16,2,GT3,2,2,3,services,teacher,other,mother,1,2,0,2,1,1,no,yes,yes,2,no,2,3,1,1,1,3,0,13,13,14,13.333333333333334,40,66.66666666666666
237,GP,M,18,2,GT3,2,2,2,other,other,home,mother,2,2,3,1,2,2,no,yes,yes,2,no,3,3,3,5,5,4,9,10,9,10,9.666666666666666,29,48.333333333333336
238,GP,F,16,2,GT3,2,4,4,teacher,services,home,mother,1,3,0,1,2,1,yes,no,yes,2,no,5,3,2,1,1,5,4,15,16,16,15.666666666666666,47,78.33333333333333
239,GP,F,18,1,GT3,2,3,1,other,other,reputation,mother,1,2,0,1,1,1,yes,yes,yes,2,yes,5,3,3,1,1,4,4,8,8,8,8.0,24,40.0
240,GP,F,17,2,GT3,2,3,2,other,other,course,mother,1,2,0,1,1,1,yes,no,yes,2,no,5,3,4,1,3,3,2,17,18,17,17.333333333333332,52,86.66666666666667
241,GP,M,17,2,LE3,2,2,3,services,services,reputation,father,1,2,0,1,2,1,no,no,yes,2,no,5,3,3,1,3,3,0,10,11,11,10.666666666666666,32,53.333333333333336
242,GP,M,18,2,LE3,2,2,1,at_home,other,course,mother,4,2,0,2,2,1,yes,yes,yes,2,yes,4,3,2,4,5,3,2,9,10,11,10.0,30,50.0
243,GP,F,17,2,GT3,1,2,1,other,other,course,mother,2,3,0,1,1,1,yes,yes,yes,2,yes,3,2,3,1,2,3,0,15,15,16,15.333333333333334,46,76.66666666666667
244,GP,F,17,2,LE3,2,4,3,health,other,reputation,father,1,2,0,1,1,1,yes,yes,yes,2,yes,3,2,3,1,2,3,0,14,12,12,12.666666666666666,38,63.33333333333333
245,GP,M,17,1,GT3,2,2,2,other,other,course,father,2,2,0,1,2,1,yes,yes,yes,2,no,4,5,2,1,1,1,0,12,13,13,12.666666666666666,38,63.33333333333333
246,GP,M,17,2,GT3,2,4,4,teacher,teacher,reputation,mother,1,2,0,2,2,1,yes,yes,yes,2,yes,4,5,5,1,3,2,0,13,13,13,13.0,39,65.0
247,GP,M,16,2,GT3,2,4,4,health,other,reputation,father,1,2,0,1,2,1,yes,yes,yes,2,no,4,2,4,2,4,1,0,13,13,14,13.333333333333334,40,66.66666666666666
248,GP,M,16,2,LE3,2,1,1,other,other,home,mother,2,2,0,1,2,1,no,yes,yes,2,no,3,4,2,1,1,5,2,9,9,9,9.0,27,45.0
249,GP,M,16,2,GT3,2,3,2,at_home,other,reputation,mother,2,3,0,1,1,1,yes,yes,yes,2,yes,5,3,3,1,3,2,0,12,12,12,12.0,36,60.0
250,GP,M,17,2,LE3,2,2,2,other,other,home,father,1,2,0,1,1,1,yes,no,yes,2,yes,4,4,2,5,5,4,0,16,16,16,16.0,48,80.0
251,GP,F,16,2,GT3,2,2,1,other,other,home,mother,1,1,0,1,1,1,no,yes,yes,2,yes,4,5,2,1,1,5,4,9,10,10,9.666666666666666,29,48.333333333333336
252,GP,F,16,2,GT3,1,4,1,other,other,home,mother,1,2,0,1,1,1,yes,yes,yes,2,yes,5,3,3,1,2,5,0,14,13,13,13.333333333333334,40,66.66666666666666
253,GP,F,18,2,LE3,1,2,4,services,other,course,mother,2,2,1,1,2,1,no,yes,yes,2,no,4,3,3,1,1,3,18,10,10,10,10.0,30,50.0
254,GP,F,18,2,LE3,2,2,2,at_home,services,course,mother,1,2,1,1,2,1,no,no,yes,2,yes,5,3,1,1,1,5,16,9,8,10,9.0,27,45.0
255,GP,F,18,2,GT3,2,3,3,other,other,course,mother,2,1,1,1,1,1,no,yes,no,2,no,4,1,1,1,1,3,14,8,7,7,7.333333333333333,22,36.666666666666664
256,GP,M,18,2,GT3,2,2,2,other,at_home,course,other,1,1,1,1,2,1,yes,no,no,2,yes,4,4,3,2,2,1,26,7,8,8,7.666666666666667,23,38.333333333333336
257,GP,M,17,2,GT3,2,4,4,teacher,teacher,course,mother,1,1,0,1,2,1,yes,no,yes,2,no,4,2,1,1,2,5,6,10,8,9,9.0,27,45.0
258,GP,F,17,2,GT3,2,3,2,other,other,course,father,1,2,0,1,1,1,yes,yes,yes,1,no,5,4,2,1,1,3,4,14,14,15,14.333333333333334,43,71.66666666666667
259,GP,F,17,2,LE3,2,1,1,at_home,at_home,course,mother,1,3,0,1,2,1,yes,yes,yes,2,yes,4,3,2,1,2,4,10,11,10,10,10.333333333333334,31,51.66666666666667
260,GP,F,16,2,GT3,2,1,2,other,other,course,mother,1,1,0,1,1,1,no,yes,no,2,no,5,3,5,1,2,5,4,12,11,11,11.333333333333334,34,56.666666666666664
261,GP,F,17,1,GT3,2,2,1,at_home,services,course,mother,3,2,0,1,1,1,yes,yes,yes,1,no,2,1,1,1,1,3,2,13,13,13,13.0,39,65.0
262,GP,F,17,1,LE3,1,1,4,other,other,course,other,4,1,1,1,2,1,no,yes,yes,2,no,5,5,4,1,1,5,14,9,9,8,8.666666666666666,26,43.333333333333336
263,GP,M,18,2,GT3,2,2,2,other,services,reputation,father,1,2,0,1,1,1,no,yes,no,2,no,5,5,4,3,5,2,16,8,7,8,7.666666666666667,23,38.333333333333336
264,GP,F,17,2,LE3,1,2,2,other,other,home,mother,1,1,1,1,2,1,no,no,no,2,no,3,1,2,1,1,1,8,11,9,10,10.0,30,50.0
265,GP,F,17,1,LE3,2,1,1,at_home,other,course,mother,2,3,0,1,1,1,yes,yes,yes,2,no,4,3,3,1,3,5,4,15,14,15,14.666666666666666,44,73.33333333333333
266,GP,F,17,2,LE3,1,4,2,teacher,other,course,mother,1,2,0,1,2,1,yes,yes,yes,1,no,4,3,2,1,1,4,4,15,14,14,14.333333333333334,43,71.66666666666667
267,GP,M,17,2,LE3,2,4,3,health,other,course,mother,2,2,0,1,1,1,yes,yes,yes,2,yes,2,5,5,1,4,5,8,15,15,15,15.0,45,75.0
268,GP,M,17,1,LE3,1,4,4,teacher,other,course,mother,2,2,0,1,2,1,no,yes,yes,2,no,3,3,3,2,3,4,0,12,12,12,12.0,36,60.0
269,GP,M,16,2,LE3,2,4,3,teacher,other,course,mother,1,1,0,1,1,1,yes,no,yes,2,no,5,4,5,1,1,3,7,14,14,15,14.333333333333334,43,71.66666666666667
270,GP,M,16,2,GT3,2,4,4,services,services,course,mother,1,1,0,1,1,2,yes,yes,yes,2,no,5,3,2,1,2,5,4,14,15,15,14.666666666666666,44,73.33333333333333
271,GP,F,17,2,GT3,2,4,4,teacher,services,course,mother,1,2,0,1,2,2,no,yes,yes,2,yes,5,3,1,1,4,5,2,11,11,12,11.333333333333334,34,56.666666666666664
272,GP,M,17,1,GT3,2,1,1,other,other,home,father,2,3,0,1,1,1,no,no,yes,2,yes,4,3,3,1,1,1,2,13,14,15,14.0,42,70.0
273,GP,F,17,2,GT3,2,3,3,services,other,home,mother,2,3,0,1,2,1,no,yes,yes,2,yes,4,2,2,2,3,5,10,11,11,11,11.0,33,55.00000000000001
274,GP,F,17,2,GT3,2,1,1,at_home,other,course,mother,1,2,0,2,1,1,no,no,yes,1,yes,4,3,2,1,1,4,10,10,9,10,9.666666666666666,29,48.333333333333336
275,GP,F,18,2,GT3,2,2,1,other,other,course,other,2,3,0,1,2,1,no,no,yes,2,yes,4,4,4,1,1,3,10,12,10,11,11.0,33,55.00000000000001
276,GP,M,16,2,GT3,2,2,1,other,other,course,mother,3,1,0,1,1,1,no,yes,yes,2,no,4,3,3,1,1,4,7,15,16,16,15.666666666666666,47,78.33333333333333
277,GP,F,17,2,GT3,2,1,1,other,services,course,father,1,2,0,1,2,1,no,yes,yes,1,no,4,3,4,1,2,5,4,11,10,11,10.666666666666666,32,53.333333333333336
278,GP,M,17,2,GT3,2,2,3,other,other,course,father,2,1,0,1,1,1,no,yes,yes,2,no,5,2,2,1,1,2,2,9,12,13,11.333333333333334,34,56.666666666666664
279,GP,M,22,2,GT3,2,3,1,services,services,other,mother,1,1,3,1,1,1,no,no,no,2,yes,5,4,5,5,5,1,12,7,8,5,6.666666666666667,20,33.33333333333333
280,GP,M,18,1,LE3,2,3,3,other,services,course,mother,1,2,0,1,2,1,no,yes,yes,2,yes,4,3,3,1,3,5,8,10,9,10,9.666666666666666,29,48.333333333333336
281,GP,M,16,2,GT3,2,0,2,other,other,other,mother,1,1,0,1,1,1,no,no,yes,2,no,4,3,2,2,4,5,0,11,12,11,11.333333333333334,34,56.666666666666664
282,GP,M,18,2,GT3,2,3,2,services,other,course,mother,2,1,0,1,1,1,no,yes,no,2,no,4,4,5,2,4,5,8,7,8,7,7.333333333333333,22,36.666666666666664
283,GP,M,16,2,GT3,2,3,3,at_home,other,reputation,other,3,2,1,2,2,1,no,no,yes,2,no,5,3,3,1,3,2,4,9,11,10,10.0,30,50.0
284,GP,M,18,2,GT3,2,2,1,services,services,other,mother,1,1,2,1,1,1,no,no,no,2,no,3,2,5,2,5,5,4,7,8,6,7.0,21,35.0
285,GP,M,16,1,GT3,2,2,1,other,other,course,mother,2,1,0,1,1,1,yes,no,yes,1,no,3,3,2,1,3,3,2,14,13,12,13.0,39,65.0
286,GP,M,17,1,GT3,2,2,1,other,other,course,mother,1,1,0,1,1,1,no,no,yes,2,no,4,4,2,2,4,5,0,12,12,13,12.333333333333334,37,61.66666666666667
287,GP,M,17,2,LE3,2,1,1,health,other,course,mother,2,1,1,1,2,1,yes,yes,yes,2,no,4,4,4,1,2,5,0,9,10,10,9.666666666666666,29,48.333333333333336
288,GP,F,18,2,LE3,1,2,1,other,other,course,mother,1,2,0,1,2,1,no,no,yes,2,yes,4,3,4,1,3,5,2,12,12,13,12.333333333333334,37,61.66666666666667
289,GP,F,17,2,LE3,2,4,2,teacher,services,reputation,mother,1,4,0,1,2,1,yes,yes,yes,2,no,4,2,3,1,1,4,2,14,15,17,15.333333333333334,46,76.66666666666667
290,GP,F,19,2,GT3,2,2,2,services,services,home,mother,1,2,0,1,2,1,no,yes,yes,2,no,4,3,3,1,1,5,0,10,10,11,10.333333333333334,31,51.66666666666667
291,GP,M,18,2,LE3,2,2,1,services,other,course,mother,3,2,1,1,1,1,yes,no,no,2,no,4,4,5,4,4,5,4,11,10,11,10.666666666666666,32,53.333333333333336
292,GP,F,17,1,GT3,2,4,2,other,other,course,mother,1,3,0,1,2,1,yes,yes,yes,2,no,4,3,4,1,3,5,2,11,12,14,12.333333333333334,37,61.66666666666667
293,GP,F,18,2,LE3,2,1,1,other,at_home,home,mother,1,3,0,1,2,1,no,no,yes,1,no,4,4,3,2,3,3,4,11,12,14,12.333333333333334,37,61.66666666666667
294,GP,F,18,1,GT3,2,2,2,other,other,home,mother,1,2,0,2,1,1,no,yes,yes,1,no,3,2,3,1,1,5,4,11,11,13,11.666666666666666,35,58.333333333333336
295,GP,M,19,2,LE3,1,4,3,services,at_home,reputation,mother,1,2,0,1,2,1,no,yes,yes,2,no,4,3,1,1,1,1,4,11,13,14,12.666666666666666,38,63.33333333333333
296,GP,M,18,2,GT3,2,2,1,other,other,home,mother,1,2,0,1,1,1,yes,yes,yes,2,no,5,2,4,1,2,4,2,16,16,16,16.0,48,80.0
297,GP,M,17,1,GT3,2,2,2,other,services,other,mother,2,1,0,1,1,1,no,no,no,1,no,5,2,2,1,1,4,0,9,10,10,9.666666666666666,29,48.333333333333336
298,GP,F,17,2,LE3,2,2,2,services,services,course,father,1,4,0,1,1,1,yes,yes,yes,2,yes,3,4,1,1,1,2,2,10,11,12,11.0,33,55.00000000000001
299,GP,F,20,1,GT3,2,2,1,other,other,course,other,2,2,0,1,2,2,yes,yes,no,2,yes,1,2,3,1,2,2,8,10,12,12,11.333333333333334,34,56.666666666666664
300,GP,F,18,2,GT3,2,4,3,services,other,home,father,1,2,0,1,2,1,no,yes,yes,2,yes,3,1,2,1,3,2,2,15,15,15,15.0,45,75.0
301,GP,M,18,2,GT3,2,4,3,teacher,other,course,mother,1,2,0,1,2,1,no,no,yes,2,no,4,3,2,1,1,3,2,10,10,11,10.333333333333334,31,51.66666666666667
302,GP,M,18,1,GT3,2,3,2,other,other,course,mother,1,3,0,1,1,1,yes,no,yes,1,no,5,3,2,1,1,3,2,10,11,12,11.0,33,55.00000000000001
303,GP,F,17,2,GT3,2,3,3,other,other,home,mother,1,3,0,1,1,1,yes,no,yes,1,no,3,2,3,1,1,4,2,15,12,13,13.333333333333334,40,66.66666666666666
304,GP,F,18,2,GT3,2,2,2,at_home,services,home,mother,1,3,0,1,2,1,yes,yes,yes,2,yes,4,3,3,1,1,3,0,11,12,13,12.0,36,60.0
305,GP,M,17,2,GT3,2,2,2,other,other,home,father,2,1,0,1,1,1,no,yes,no,2,no,4,4,4,2,3,4,8,8,8,9,8.333333333333334,25,41.66666666666667
306,GP,M,18,1,LE3,1,3,4,other,other,reputation,mother,2,2,0,1,2,1,yes,yes,yes,2,no,4,2,5,3,4,1,6,15,16,16,15.666666666666666,47,78.33333333333333
307,GP,M,17,2,GT3,2,3,1,services,other,other,mother,1,2,0,1,1,1,yes,yes,yes,2,yes,5,4,4,3,4,5,0,11,11,14,12.0,36,60.0
308,GP,F,18,1,GT3,2,4,4,teacher,other,reputation,mother,2,2,0,1,1,1,yes,yes,yes,2,no,4,3,4,2,2,4,8,10,11,12,11.0,33,55.00000000000001
309,GP,M,18,2,GT3,2,4,2,health,other,reputation,father,1,2,0,1,2,1,yes,yes,yes,2,yes,5,4,5,1,3,5,4,10,12,14,12.0,36,60.0
310,GP,F,18,1,GT3,2,2,1,other,other,reputation,mother,2,2,0,1,2,1,no,yes,no,2,yes,4,3,5,1,2,3,12,8,9,10,9.0,27,45.0
311,GP,F,19,2,GT3,2,3,3,other,services,home,other,1,2,0,1,2,1,yes,yes,yes,2,no,4,3,5,3,3,5,16,11,12,12,11.666666666666666,35,58.333333333333336
312,GP,F,18,2,GT3,2,2,3,other,services,reputation,father,1,4,0,1,2,1,yes,yes,yes,2,yes,4,5,5,1,3,2,10,16,16,16,16.0,48,80.0
313,GP,F,18,2,LE3,2,1,1,other,other,home,mother,2,2,0,1,2,1,no,no,yes,1,no,4,4,3,1,1,3,2,13,13,13,13.0,39,65.0
314,GP,M,17,1,GT3,2,1,2,at_home,at_home,home,mother,1,2,0,1,2,1,yes,no,yes,1,yes,3,5,2,2,2,1,2,16,17,18,17.0,51,85.0
315,GP,F,18,2,GT3,2,2,1,other,other,home,mother,1,2,0,1,2,1,no,yes,yes,2,yes,4,2,5,1,2,1,8,14,14,15,14.333333333333334,43,71.66666666666667
316,GP,F,17,2,GT3,2,2,4,at_home,health,reputation,mother,2,2,0,1,2,1,no,yes,yes,2,yes,4,3,3,1,1,1,6,15,16,16,15.666666666666666,47,78.33333333333333
317,GP,F,17,2,LE3,2,2,2,services,other,course,mother,2,2,0,2,2,1,no,yes,yes,2,yes,4,4,4,2,3,5,6,12,12,12,12.0,36,60.0
318,GP,F,18,1,GT3,1,3,2,other,services,home,mother,2,2,0,1,1,1,no,no,no,2,yes,4,1,1,1,1,5,15,12,9,10,10.333333333333334,31,51.66666666666667
319,GP,M,18,2,GT3,2,4,4,teacher,services,home,mother,2,1,0,1,1,1,yes,yes,yes,2,no,3,2,4,1,4,3,6,11,12,12,11.666666666666666,35,58.333333333333336
320,GP,F,18,2,GT3,2,4,4,health,health,reputation,father,1,2,1,2,2,1,yes,yes,yes,2,yes,2,4,4,1,1,4,2,14,12,13,13.0,39,65.0
321,GP,F,17,2,GT3,2,2,2,other,services,reputation,father,3,3,0,1,2,1,no,yes,yes,2,yes,4,2,3,1,1,1,8,13,15,15,14.333333333333334,43,71.66666666666667
322,GP,F,19,1,GT3,2,3,2,services,services,reputation,father,1,2,1,2,2,1,no,yes,no,2,no,3,3,3,4,3,3,0,9,8,10,9.0,27,45.0
323,GP,M,18,2,LE3,2,4,3,teacher,services,course,mother,2,1,0,1,1,1,yes,yes,yes,2,no,4,2,3,1,2,1,0,10,10,10,10.0,30,50.0
324,GP,M,18,2,GT3,2,1,2,at_home,other,home,other,2,1,0,1,1,1,no,no,no,2,no,3,4,4,2,4,4,10,10,10,11,10.333333333333334,31,51.66666666666667
325,GP,M,17,2,LE3,1,4,1,services,other,home,mother,2,1,0,1,1,1,yes,yes,yes,2,yes,4,5,4,2,4,5,22,11,11,10,10.666666666666666,32,53.333333333333336
326,GP,M,17,2,LE3,1,3,2,teacher,services,home,mother,1,1,0,1,1,1,no,yes,yes,2,no,4,4,4,3,4,3,18,13,13,13,13.0,39,65.0
327,GP,F,18,1,LE3,2,1,1,at_home,other,reputation,mother,2,4,0,1,2,1,yes,yes,yes,1,no,5,2,2,1,1,3,2,17,17,18,17.333333333333332,52,86.66666666666667
328,GP,F,18,2,GT3,2,1,1,other,other,home,mother,2,2,0,2,1,1,yes,yes,yes,2,no,5,4,4,1,1,4,0,12,13,13,12.666666666666666,38,63.33333333333333
329,GP,F,17,2,GT3,2,2,2,other,other,course,mother,1,2,0,1,2,1,no,no,yes,2,no,5,4,5,1,2,5,12,12,12,14,12.666666666666666,38,63.33333333333333
330,GP,F,18,2,GT3,2,2,1,other,other,reputation,mother,2,2,0,1,1,1,yes,yes,yes,2,yes,4,3,1,1,1,5,10,12,13,14,13.0,39,65.0
331,GP,M,17,2,GT3,2,1,1,other,other,reputation,father,1,2,0,1,1,1,no,no,yes,2,no,4,3,3,1,2,4,0,12,12,12,12.0,36,60.0
332,GP,F,18,2,GT3,2,2,2,at_home,at_home,other,mother,1,3,0,1,2,1,no,yes,yes,2,no,4,3,3,1,2,2,0,18,18,18,18.0,54,90.0
333,GP,F,17,2,GT3,2,1,1,services,teacher,reputation,mother,1,3,0,1,2,1,no,yes,yes,2,no,4,3,3,1,1,3,0,13,13,14,13.333333333333334,40,66.66666666666666
334,GP,M,18,2,GT3,2,2,1,services,services,reputation,mother,1,3,0,1,1,1,yes,yes,yes,2,no,4,2,4,1,3,2,0,14,15,15,14.666666666666666,44,73.33333333333333
335,GP,M,18,2,LE3,1,4,4,teacher,teacher,reputation,mother,1,2,0,1,2,1,yes,yes,yes,2,no,5,4,3,1,1,2,0,17,17,17,17.0,51,85.0
336,GP,M,18,2,GT3,2,4,2,teacher,other,home,mother,1,2,0,1,2,1,yes,yes,yes,2,yes,4,3,2,1,4,5,2,15,16,16,15.666666666666666,47,78.33333333333333
337,GP,F,17,2,GT3,2,4,3,health,services,reputation,mother,1,3,0,1,2,1,no,yes,yes,2,no,4,2,2,1,2,3,0,17,18,18,17.666666666666668,53,88.33333333333333
338,GP,F,17,1,LE3,2,3,1,services,other,reputation,mother,2,4,0,1,2,1,no,yes,yes,1,no,3,1,2,1,1,3,0,18,19,19,18.666666666666668,56,93.33333333333333
339,GP,M,18,1,LE3,2,3,2,services,other,reputation,mother,2,3,0,1,2,1,yes,yes,yes,2,no,5,4,2,1,1,4,0,14,15,15,14.666666666666666,44,73.33333333333333
340,GP,M,17,2,GT3,2,3,3,health,other,home,mother,1,1,0,1,2,1,no,yes,yes,2,no,4,4,3,1,3,5,0,14,15,15,14.666666666666666,44,73.33333333333333
341,GP,F,19,2,GT3,2,4,4,health,other,reputation,other,2,2,0,1,2,1,yes,yes,yes,2,no,2,3,4,2,3,2,2,14,13,13,13.333333333333334,40,66.66666666666666
342,GP,F,18,2,LE3,2,4,3,other,other,home,other,2,2,0,1,2,1,no,yes,yes,2,yes,4,4,5,1,2,2,0,13,14,14,13.666666666666666,41,68.33333333333333
343,GP,F,18,2,GT3,2,4,3,other,other,reputation,father,1,4,0,1,2,1,no,yes,yes,2,no,4,3,3,1,1,3,0,16,17,17,16.666666666666668,50,83.33333333333334
344,GP,M,18,2,LE3,2,4,4,teacher,teacher,home,mother,1,1,0,1,2,1,no,yes,yes,2,yes,1,4,2,2,2,1,0,18,18,17,17.666666666666668,53,88.33333333333333
345,GP,F,18,2,LE3,1,4,4,health,other,home,mother,1,2,0,1,2,2,no,yes,yes,2,yes,4,2,4,1,1,4,0,14,15,15,14.666666666666666,44,73.33333333333333
346,GP,M,17,2,LE3,2,4,4,other,teacher,home,father,2,1,0,1,1,1,no,yes,yes,2,no,4,1,1,2,2,5,0,12,13,13,12.666666666666666,38,63.33333333333333
347,GP,F,17,1,GT3,2,4,4,services,services,reputation,mother,2,3,0,1,2,1,yes,yes,yes,2,no,5,3,4,1,1,5,0,7,7,8,7.333333333333333,22,36.666666666666664
348,GP,F,17,2,GT3,2,4,2,other,other,reputation,mother,2,3,0,1,2,1,no,yes,yes,2,no,4,3,3,1,1,3,0,16,16,16,16.0,48,80.0
349,GP,F,17,2,GT3,2,3,2,health,health,reputation,father,1,4,0,1,2,1,yes,no,yes,2,no,5,2,2,1,2,5,0,18,18,18,18.0,54,90.0
350,GP,M,19,1,LE3,2,2,1,at_home,services,course,mother,2,3,1,1,1,1,yes,yes,yes,2,yes,4,3,1,1,1,5,0,9,10,11,10.0,30,50.0
351,GP,M,20,2,GT3,1,3,2,services,other,course,other,1,1,2,1,1,1,yes,yes,yes,1,no,5,5,3,1,1,5,0,14,15,15,14.666666666666666,44,73.33333333333333
352,GP,M,19,1,GT3,2,3,3,other,services,reputation,father,1,2,0,1,1,1,yes,yes,yes,1,yes,4,5,3,1,2,5,0,10,10,11,10.333333333333334,31,51.66666666666667
353,GP,F,18,2,GT3,2,1,4,other,teacher,home,mother,1,2,0,2,2,1,no,no,yes,1,yes,3,4,4,1,2,5,2,10,10,11,10.333333333333334,31,51.66666666666667
354,GP,F,18,2,GT3,2,2,1,services,other,course,mother,2,2,0,1,2,1,yes,yes,yes,2,no,5,3,3,1,2,1,2,12,12,15,13.0,39,65.0
355,GP,F,17,2,GT3,2,2,3,other,other,course,father,2,2,0,1,1,1,yes,yes,yes,2,yes,4,2,1,1,1,3,2,11,12,14,12.333333333333334,37,61.66666666666667
356,GP,F,17,1,GT3,2,4,4,teacher,teacher,course,mother,1,1,0,1,1,1,yes,yes,yes,2,no,4,4,4,1,1,5,2,15,16,17,16.0,48,80.0
357,GP,F,18,2,GT3,2,4,3,other,other,course,mother,1,3,0,1,2,1,yes,yes,yes,2,yes,4,3,4,1,1,5,2,14,15,17,15.333333333333334,46,76.66666666666667
358,GP,F,18,2,LE3,2,4,3,health,services,course,mother,2,1,0,1,2,1,no,yes,yes,2,no,3,2,4,1,4,1,8,12,12,15,13.0,39,65.0
359,GP,F,17,1,GT3,2,3,4,at_home,services,course,father,1,3,0,1,2,1,yes,no,yes,2,no,4,3,4,2,5,5,2,15,15,17,15.666666666666666,47,78.33333333333333
360,GP,F,18,2,GT3,2,3,3,at_home,other,course,father,1,2,0,1,2,1,no,yes,yes,2,no,4,1,4,1,1,3,8,11,12,14,12.333333333333334,37,61.66666666666667
361,GP,M,19,2,GT3,2,4,2,health,other,course,mother,2,2,0,1,2,1,yes,yes,yes,2,yes,5,4,4,1,1,1,9,11,10,10,10.333333333333334,31,51.66666666666667
362,GP,F,18,2,GT3,2,4,4,teacher,other,course,mother,1,2,0,1,2,1,no,yes,yes,2,no,4,4,4,3,3,5,0,12,11,13,12.0,36,60.0
363,GP,F,18,2,GT3,2,3,4,other,other,course,mother,1,1,0,1,2,1,yes,yes,yes,2,yes,5,4,4,1,1,1,4,11,12,14,12.333333333333334,37,61.66666666666667
364,GP,F,17,2,GT3,2,4,4,health,health,course,mother,1,1,0,1,1,1,yes,yes,yes,2,no,5,3,4,1,2,5,2,14,15,17,15.333333333333334,46,76.66666666666667
365,GP,F,17,2,GT3,1,4,3,services,services,course,mother,1,2,0,1,2,1,no,yes,yes,2,yes,5,2,2,1,2,5,14,15,14,17,15.333333333333334,46,76.66666666666667
366,GP,F,17,2,LE3,1,3,3,services,other,home,mother,1,2,0,2,2,1,no,yes,yes,2,no,5,3,3,1,1,5,0,12,12,13,12.333333333333334,37,61.66666666666667
367,GP,F,17,2,LE3,2,2,1,other,other,home,father,1,2,0,1,1,1,yes,yes,yes,2,no,4,2,3,2,2,2,2,11,12,14,12.333333333333334,37,61.66666666666667
368,GP,M,18,2,LE3,2,4,4,other,other,reputation,father,1,1,0,1,2,1,no,yes,yes,2,no,4,2,5,3,4,5,2,8,9,11,9.333333333333334,28,46.666666666666664
369,GP,F,19,2,GT3,2,1,1,other,other,course,other,3,3,0,1,1,1,yes,yes,no,1,yes,1,5,5,4,3,5,12,10,10,11,10.333333333333334,31,51.66666666666667
370,GP,F,19,2,LE3,1,1,1,other,other,course,other,3,2,2,1,2,1,no,no,yes,2,yes,5,3,4,1,1,4,2,8,8,9,8.333333333333334,25,41.66666666666667
371,GP,F,18,2,GT3,2,2,2,other,other,course,mother,1,1,0,1,2,1,yes,yes,yes,2,yes,4,3,5,2,4,5,2,10,10,10,10.0,30,50.0
372,GP,F,17,2,GT3,2,2,2,other,other,course,mother,1,2,0,1,2,1,no,yes,yes,1,yes,4,2,2,1,1,3,4,14,13,13,13.333333333333334,40,66.66666666666666
373,GP,F,17,1,LE3,2,2,2,services,services,course,mother,1,3,0,1,2,1,yes,yes,yes,2,no,3,3,2,2,2,3,0,11,11,10,10.666666666666666,32,53.333333333333336
374,GP,F,17,2,GT3,2,3,1,services,services,course,father,1,3,0,1,2,1,no,no,yes,2,no,3,4,3,2,3,5,0,17,18,17,17.333333333333332,52,86.66666666666667
375,GP,F,17,2,LE3,2,0,2,at_home,at_home,home,father,2,3,0,1,1,1,no,yes,yes,2,no,3,3,3,2,3,2,0,14,14,15,14.333333333333334,43,71.66666666666667
376,GP,F,18,2,GT3,2,1,1,other,other,home,mother,2,3,0,1,1,1,yes,yes,yes,2,no,4,5,5,1,2,2,0,14,14,14,14.0,42,70.0
377,GP,M,18,2,GT3,2,4,4,other,other,course,mother,1,3,0,1,1,1,yes,yes,yes,2,no,4,3,3,2,2,3,0,13,14,13,13.333333333333334,40,66.66666666666666
378,GP,M,17,2,GT3,2,3,3,other,services,reputation,mother,1,1,0,1,1,1,yes,no,yes,2,no,4,3,5,3,5,5,0,17,18,17,17.333333333333332,52,86.66666666666667
379,GP,M,17,1,GT3,2,2,2,services,other,course,mother,4,1,0,1,2,1,no,yes,yes,2,no,4,4,5,5,5,4,2,11,10,10,10.333333333333334,31,51.66666666666667
380,GP,F,17,2,GT3,2,4,4,teacher,services,course,mother,1,3,0,1,2,1,yes,yes,yes,2,no,5,4,4,1,3,4,0,13,12,13,12.666666666666666,38,63.33333333333333
381,GP,F,17,2,GT3,2,4,4,teacher,teacher,course,mother,2,3,0,1,2,1,no,no,yes,2,yes,4,3,3,1,2,4,4,15,14,15,14.666666666666666,44,73.33333333333333
382,GP,F,17,2,GT3,2,3,3,at_home,other,course,mother,1,1,0,1,2,2,yes,yes,yes,2,no,4,2,5,2,5,5,2,11,12,11,11.333333333333334,34,56.666666666666664
383,GP,M,18,2,LE3,2,2,2,other,other,course,mother,1,4,0,1,2,2,yes,yes,yes,2,no,4,5,5,2,4,5,0,11,11,12,11.333333333333334,34,56.666666666666664
384,GP,M,19,1,GT3,2,3,2,at_home,services,home,other,1,1,0,1,2,1,no,no,yes,1,yes,5,3,4,2,2,5,0,11,10,10,10.333333333333334,31,51.66666666666667
385,GP,F,18,2,GT3,2,2,2,at_home,other,course,mother,4,2,0,1,1,1,yes,yes,yes,1,yes,4,2,5,1,1,2,2,10,9,10,9.666666666666666,29,48.333333333333336
386,GP,F,17,1,GT3,2,2,4,at_home,other,course,father,1,3,0,1,2,1,no,yes,yes,2,yes,4,4,3,1,1,5,0,15,15,15,15.0,45,75.0
387,GP,M,18,2,GT3,2,2,2,other,other,reputation,mother,1,1,0,1,1,1,no,no,yes,2,no,5,4,2,1,2,5,6,15,14,15,14.666666666666666,44,73.33333333333333
388,GP,F,18,2,GT3,2,3,3,services,services,home,mother,1,2,0,1,1,1,yes,yes,yes,2,no,5,3,4,1,1,4,8,10,11,12,11.0,33,55.00000000000001
389,GP,F,18,2,LE3,2,2,2,other,other,home,other,1,2,0,1,1,1,yes,no,yes,2,yes,4,3,3,1,1,2,0,10,9,12,10.333333333333334,31,51.66666666666667
390,GP,F,18,1,GT3,2,2,2,at_home,other,course,mother,2,4,0,1,1,1,yes,yes,yes,1,no,4,4,4,1,1,4,6,14,13,14,13.666666666666666,41,68.33333333333333
391,GP,F,17,2,GT3,2,3,4,services,other,course,mother,1,3,0,1,1,1,no,yes,yes,2,no,4,4,5,1,3,5,8,11,13,14,12.666666666666666,38,63.33333333333333
392,GP,F,17,2,GT3,2,3,2,other,other,home,mother,1,2,0,1,2,1,no,yes,yes,2,yes,4,3,2,2,3,2,0,12,13,15,13.333333333333334,40,66.66666666666666
393,GP,F,18,2,LE3,2,3,3,services,services,home,mother,1,4,0,1,2,1,no,yes,yes,2,no,5,3,3,1,1,1,4,14,14,15,14.333333333333334,43,71.66666666666667
394,GP,F,17,1,GT3,1,3,2,other,other,home,mother,1,2,0,1,2,1,no,yes,yes,2,no,4,3,3,2,3,2,0,14,14,16,14.666666666666666,44,73.33333333333333
395,GP,M,18,2,GT3,2,4,4,teacher,services,home,father,1,2,0,1,2,1,yes,yes,yes,2,no,4,3,3,2,2,2,0,12,12,13,12.333333333333334,37,61.66666666666667
396,GP,M,18,2,LE3,2,3,4,services,other,home,mother,1,2,0,1,1,1,yes,yes,yes,2,yes,4,3,3,1,3,5,6,16,16,17,16.333333333333332,49,81.66666666666667
397,GP,F,17,2,GT3,1,2,2,at_home,at_home,home,father,1,2,0,1,2,1,no,yes,yes,2,yes,3,3,1,1,2,4,18,10,12,14,12.0,36,60.0
398,GP,F,18,2,GT3,2,2,3,at_home,other,course,mother,1,3,0,1,2,1,no,yes,yes,2,no,4,3,3,1,2,3,0,11,12,14,12.333333333333334,37,61.66666666666667
399,GP,F,18,2,GT3,2,3,2,other,services,other,mother,1,3,0,1,1,1,no,yes,yes,2,yes,5,4,3,2,3,1,4,14,16,17,15.666666666666666,47,78.33333333333333
400,GP,M,18,1,GT3,2,4,3,teacher,services,course,mother,1,3,0,1,1,1,no,yes,yes,2,yes,5,3,2,1,2,4,4,15,14,17,15.333333333333334,46,76.66666666666667
401,GP,M,18,2,GT3,2,4,3,teacher,other,course,mother,1,3,0,1,2,1,no,yes,yes,2,yes,5,4,5,2,3,5,0,14,13,14,13.666666666666666,41,68.33333333333333
402,GP,F,17,2,GT3,2,4,3,health,other,reputation,mother,1,3,0,1,2,1,yes,yes,yes,2,yes,4,4,3,1,3,4,0,11,12,13,12.0,36,60.0
403,GP,F,17,2,GT3,2,2,1,services,other,course,mother,2,2,0,1,2,1,yes,yes,yes,2,yes,4,3,4,2,2,1,10,12,15,15,14.0,42,70.0
404,GP,F,17,2,GT3,2,2,1,services,other,reputation,mother,1,2,0,1,2,1,yes,yes,yes,2,no,4,3,5,2,4,4,4,12,16,16,14.666666666666666,44,73.33333333333333
405,GP,F,19,2,LE3,1,2,3,at_home,other,home,other,2,1,1,1,1,1,no,yes,no,2,no,2,2,3,3,4,5,16,10,11,11,10.666666666666666,32,53.333333333333336
406,GP,F,17,2,GT3,2,3,1,other,at_home,home,mother,1,1,1,1,2,2,no,yes,yes,2,yes,4,1,2,1,1,3,6,10,13,13,12.0,36,60.0
407,GP,F,21,2,LE3,2,4,4,other,other,reputation,other,1,3,2,1,1,2,yes,yes,yes,2,no,3,3,2,1,1,5,0,9,12,12,11.0,33,55.00000000000001
408,GP,M,18,2,LE3,2,2,2,services,services,reputation,mother,1,2,0,1,2,1,yes,no,no,2,no,4,4,4,1,3,3,11,9,11,12,10.666666666666666,32,53.333333333333336
409,GP,M,18,2,LE3,1,3,4,other,other,reputation,other,1,2,0,1,1,1,yes,yes,yes,2,yes,4,3,5,1,4,2,9,13,14,15,14.0,42,70.0
410,GP,F,17,2,GT3,2,2,2,services,services,reputation,mother,1,2,0,1,2,1,yes,yes,yes,2,no,4,3,4,1,3,4,0,13,17,17,15.666666666666666,47,78.33333333333333
411,GP,M,17,2,LE3,1,4,4,health,other,reputation,mother,1,3,0,1,2,1,no,yes,yes,2,no,4,4,2,1,2,4,2,12,15,15,14.0,42,70.0
412,GP,F,18,2,LE3,2,4,2,teacher,other,course,mother,1,2,0,1,2,1,yes,yes,yes,2,no,4,2,2,1,1,3,0,14,17,17,16.0,48,80.0
413,GP,M,21,1,LE3,2,1,1,at_home,other,course,other,2,2,2,1,2,1,yes,yes,no,2,yes,5,3,3,5,2,4,21,9,10,10,9.666666666666666,29,48.333333333333336
414,GP,F,20,1,GT3,2,1,1,other,other,reputation,other,2,3,0,1,1,1,no,yes,yes,2,yes,3,2,2,1,3,3,8,11,15,15,13.666666666666666,41,68.33333333333333
415,GP,F,19,2,GT3,2,4,4,teacher,other,home,other,1,1,1,1,2,1,no,yes,yes,2,yes,3,2,5,4,4,5,5,9,10,11,10.0,30,50.0
416,GP,M,17,2,LE3,1,3,2,other,other,reputation,mother,1,2,0,1,2,1,no,yes,yes,2,no,4,4,4,1,2,5,10,16,18,18,17.333333333333332,52,86.66666666666667
417,GP,F,18,2,GT3,2,3,2,at_home,other,reputation,father,1,3,0,1,2,1,no,yes,yes,2,yes,4,3,4,1,2,2,5,14,17,17,16.0,48,80.0
418,GP,M,18,1,GT3,2,2,3,other,services,reputation,father,1,1,0,1,1,1,no,yes,yes,2,no,3,1,3,4,5,4,13,13,14,14,13.666666666666666,41,68.33333333333333
419,GP,M,19,2,GT3,2,2,1,other,other,reputation,mother,1,1,0,1,1,1,no,yes,yes,2,no,5,3,4,1,4,4,10,7,11,11,9.666666666666666,29,48.333333333333336
420,GP,F,18,2,LE3,1,2,2,services,other,reputation,mother,2,2,0,1,2,1,no,yes,yes,2,no,4,1,4,1,3,4,10,14,17,17,16.0,48,80.0
421,GP,F,20,2,GT3,2,1,0,other,other,reputation,mother,2,1,1,2,1,1,no,yes,yes,2,yes,5,3,1,1,1,5,5,8,10,10,9.333333333333334,28,46.666666666666664
422,GP,F,18,2,GT3,2,3,2,services,other,home,mother,1,2,0,1,2,1,yes,no,yes,2,yes,3,1,2,1,2,1,4,10,13,13,12.0,36,60.0
423,MS,F,16,2,GT3,2,1,3,at_home,other,other,father,2,1,0,1,2,1,no,yes,no,2,yes,4,3,3,1,3,5,11,10,11,11,10.666666666666666,32,53.333333333333336
424,MS,F,16,1,GT3,2,2,2,other,other,course,mother,2,2,0,1,2,1,yes,yes,yes,2,no,4,4,4,1,1,5,0,12,12,12,12.0,36,60.0
425,MS,F,15,1,GT3,2,1,1,at_home,services,other,mother,1,1,1,1,2,1,no,yes,yes,1,yes,4,1,3,1,1,2,6,10,10,10,10.0,30,50.0
426,MS,F,15,1,GT3,2,3,3,at_home,other,course,mother,2,1,0,1,2,1,no,yes,yes,2,no,5,4,4,2,3,5,4,10,10,11,10.333333333333334,31,51.66666666666667
427,MS,F,16,1,GT3,2,2,3,at_home,services,course,mother,2,2,0,1,1,1,no,yes,yes,1,no,4,5,2,1,2,5,0,16,17,17,16.666666666666668,50,83.33333333333334
428,MS,F,15,1,LE3,2,2,1,at_home,other,home,mother,2,1,0,1,1,1,no,yes,no,1,no,1,3,4,1,1,1,0,6,8,9,7.666666666666667,23,38.333333333333336
429,MS,M,16,1,LE3,1,4,4,at_home,other,home,mother,1,2,0,1,2,1,no,yes,yes,1,no,5,3,2,1,3,2,5,10,11,11,10.666666666666666,32,53.333333333333336
430,MS,M,16,2,GT3,1,1,2,other,other,other,mother,1,3,0,2,1,1,no,yes,yes,2,no,4,4,3,1,1,5,0,10,11,11,10.666666666666666,32,53.333333333333336
431,MS,F,17,1,GT3,2,3,2,at_home,other,course,father,1,2,1,1,1,1,no,yes,yes,1,yes,4,5,4,1,2,5,0,10,10,10,10.0,30,50.0
432,MS,F,17,1,GT3,2,1,1,other,other,other,father,1,1,1,1,2,1,no,no,no,2,no,5,4,4,2,2,5,0,6,6,7,6.333333333333333,19,31.666666666666664
433,MS,F,15,1,GT3,2,4,4,teacher,other,course,mother,2,1,0,1,1,1,no,yes,yes,2,yes,1,5,1,3,5,5,0,13,14,14,13.666666666666666,41,68.33333333333333
434,MS,F,16,2,LE3,1,2,2,at_home,other,reputation,mother,2,4,0,1,1,1,yes,no,no,1,yes,1,2,1,1,1,1,4,10,9,11,10.0,30,50.0
435,MS,F,15,1,LE3,2,1,1,at_home,services,reputation,father,2,2,0,1,2,1,no,yes,yes,2,no,5,4,3,1,2,4,0,10,10,10,10.0,30,50.0
436,MS,F,15,1,LE3,2,1,1,other,services,course,mother,2,1,1,1,2,1,no,yes,yes,2,yes,4,4,3,1,2,2,4,6,7,8,7.0,21,35.0
437,MS,F,16,1,GT3,2,0,2,other,other,other,mother,2,1,0,1,2,1,yes,yes,yes,1,no,3,2,3,1,2,2,0,12,11,12,11.666666666666666,35,58.333333333333336
438,MS,F,17,1,GT3,2,2,3,other,other,course,mother,2,1,0,1,2,1,no,yes,yes,2,no,5,5,5,1,3,3,2,10,11,12,11.0,33,55.00000000000001
439,MS,F,15,1,GT3,2,3,3,other,services,course,father,2,1,0,1,1,1,no,no,yes,2,no,4,1,3,1,1,4,0,14,16,16,15.333333333333334,46,76.66666666666667
440,MS,M,16,2,GT3,2,1,1,at_home,services,home,mother,2,2,0,1,2,1,yes,yes,yes,1,yes,5,4,5,4,5,3,0,7,0,0,2.3333333333333335,7,11.666666666666666
441,MS,M,17,2,GT3,2,1,1,other,other,home,mother,1,2,0,1,1,2,no,no,yes,2,no,4,4,3,2,4,5,4,8,9,9,8.666666666666666,26,43.333333333333336
442,MS,M,15,1,LE3,2,4,1,health,services,reputation,father,1,2,0,1,2,1,yes,yes,yes,2,no,5,3,4,1,2,2,0,12,13,14,13.0,39,65.0
443,MS,M,15,1,LE3,2,4,1,health,services,reputation,father,1,2,0,1,2,1,yes,yes,yes,2,no,5,3,4,1,2,2,7,7,9,8,8.0,24,40.0
444,MS,M,16,1,GT3,2,3,4,other,health,other,mother,3,2,0,1,1,1,no,no,yes,1,no,3,4,5,1,2,5,4,9,10,11,10.0,30,50.0
445,MS,M,15,1,GT3,2,1,1,other,other,course,mother,4,2,0,1,2,1,yes,yes,yes,1,yes,5,4,5,2,4,4,8,7,9,9,8.333333333333334,25,41.66666666666667
446,MS,M,15,2,LE3,2,3,3,at_home,at_home,reputation,father,1,2,0,1,2,1,yes,yes,yes,2,no,5,3,3,1,1,5,0,11,11,11,11.0,33,55.00000000000001
447,MS,M,17,1,GT3,2,2,1,other,other,other,mother,3,1,0,1,1,1,yes,yes,no,1,yes,5,5,5,5,5,3,8,8,10,9,9.0,27,45.0
448,MS,F,16,1,GT3,2,4,4,teacher,teacher,course,mother,2,3,0,1,1,1,yes,yes,yes,2,yes,4,2,2,1,1,4,6,16,16,17,16.333333333333332,49,81.66666666666667
449,MS,F,15,1,GT3,2,1,2,other,services,course,mother,2,1,0,1,1,1,no,yes,yes,1,no,5,1,2,1,1,1,3,11,13,13,12.333333333333334,37,61.66666666666667
450,MS,F,16,1,GT3,2,2,3,other,services,course,mother,3,2,0,1,2,1,no,yes,yes,2,no,4,5,4,1,2,1,2,15,15,15,15.0,45,75.0
451,MS,M,16,1,GT3,2,1,2,other,other,course,father,2,2,0,1,1,1,no,yes,yes,1,no,4,3,3,1,1,5,0,10,11,11,10.666666666666666,32,53.333333333333336
452,MS,F,16,1,GT3,2,2,2,other,other,course,mother,3,2,0,1,2,1,no,yes,yes,2,no,4,4,5,1,1,4,4,9,10,11,10.0,30,50.0
453,MS,F,16,2,GT3,2,1,2,other,services,course,mother,1,3,1,1,2,1,no,yes,yes,1,no,1,3,2,1,2,4,0,10,8,8,8.666666666666666,26,43.333333333333336
454,MS,F,16,2,GT3,2,1,2,other,services,course,mother,1,3,1,1,2,1,no,yes,yes,1,no,1,3,2,1,2,4,3,9,8,8,8.333333333333334,25,41.66666666666667
455,MS,F,15,2,GT3,2,2,1,at_home,other,home,mother,1,2,0,2,2,1,no,no,yes,2,no,4,4,2,3,3,2,0,9,10,9,9.333333333333334,28,46.666666666666664
456,MS,F,16,2,GT3,2,1,1,at_home,other,course,father,1,2,0,1,2,1,no,no,yes,1,yes,5,4,3,2,1,2,0,13,14,15,14.0,42,70.0
457,MS,M,17,1,LE3,2,1,2,at_home,services,reputation,mother,1,1,0,1,2,1,yes,yes,yes,2,no,5,5,5,5,5,3,4,10,11,11,10.666666666666666,32,53.333333333333336
458,MS,F,16,1,GT3,2,1,1,other,other,home,father,4,4,0,1,2,1,no,no,yes,2,no,4,3,2,1,1,1,0,13,10,13,12.0,36,60.0
459,MS,F,16,1,GT3,2,1,1,at_home,other,other,father,4,3,0,2,2,1,no,yes,yes,1,no,4,4,3,1,1,5,2,10,9,10,9.666666666666666,29,48.333333333333336
460,MS,F,15,1,GT3,2,1,1,at_home,other,home,father,2,2,0,1,2,1,yes,yes,yes,2,no,4,3,3,1,1,2,1,11,10,11,10.666666666666666,32,53.333333333333336
461,MS,F,16,1,GT3,2,1,1,at_home,other,other,mother,2,1,0,1,1,1,yes,yes,yes,2,yes,4,2,2,4,3,2,0,13,12,14,13.0,39,65.0
462,MS,F,15,1,GT3,2,1,1,at_home,at_home,course,father,3,2,0,1,2,1,no,yes,yes,1,no,4,2,1,1,2,2,0,13,14,14,13.666666666666666,41,68.33333333333333
463,MS,F,15,1,LE3,2,2,2,other,other,other,father,1,3,0,2,2,1,no,yes,yes,1,no,4,4,3,2,2,5,2,14,11,12,12.333333333333334,37,61.66666666666667
464,MS,M,16,1,GT3,2,1,1,at_home,other,other,father,2,1,0,1,1,1,yes,yes,yes,1,no,3,4,4,3,4,5,6,11,11,11,11.0,33,55.00000000000001
465,MS,F,18,2,GT3,2,1,2,other,other,course,father,1,2,1,1,2,1,yes,yes,yes,2,yes,3,4,4,2,3,5,9,9,8,8,8.333333333333334,25,41.66666666666667
466,MS,M,15,2,GT3,2,3,1,other,services,home,mother,2,1,0,1,2,1,no,yes,yes,1,no,3,2,3,1,3,4,0,10,9,11,10.0,30,50.0
467,MS,F,16,1,GT3,2,2,2,other,services,course,father,3,2,0,1,2,1,yes,yes,yes,2,no,5,3,4,1,1,2,1,14,13,14,13.666666666666666,41,68.33333333333333
468,MS,M,15,2,GT3,2,2,2,health,other,reputation,mother,3,1,0,1,1,1,no,yes,yes,1,no,4,3,3,1,2,4,1,13,12,13,12.666666666666666,38,63.33333333333333
469,MS,M,16,2,GT3,2,4,4,other,teacher,course,father,1,2,0,1,2,1,yes,yes,yes,1,yes,4,3,1,1,1,3,0,13,12,13,12.666666666666666,38,63.33333333333333
470,MS,F,15,1,GT3,2,3,3,services,other,reputation,mother,1,2,0,1,2,1,no,yes,yes,2,yes,4,5,4,1,1,1,4,13,12,12,12.333333333333334,37,61.66666666666667
471,MS,F,16,1,GT3,2,2,2,at_home,other,course,mother,2,2,1,1,2,1,yes,no,yes,1,no,4,4,4,2,3,5,2,12,11,12,11.666666666666666,35,58.333333333333336
472,MS,F,16,1,LE3,2,2,2,other,other,home,father,3,1,0,1,2,1,yes,yes,yes,1,yes,4,3,2,1,1,4,0,14,14,16,14.666666666666666,44,73.33333333333333
473,MS,M,16,2,LE3,2,2,1,at_home,services,course,mother,2,1,0,1,2,1,yes,yes,yes,2,no,2,4,3,2,3,4,4,10,8,10,9.333333333333334,28,46.666666666666664
474,MS,M,15,1,LE3,2,1,3,at_home,other,reputation,father,3,1,0,1,2,1,yes,yes,yes,2,no,4,2,4,3,5,3,2,10,11,11,10.666666666666666,32,53.333333333333336
475,MS,F,15,2,GT3,2,2,2,other,services,course,mother,2,3,0,1,2,1,yes,yes,yes,1,no,5,3,2,1,1,4,0,12,13,14,13.0,39,65.0
476,MS,F,16,1,LE3,2,2,1,other,other,home,mother,1,1,0,1,2,1,no,yes,yes,2,yes,5,4,3,1,1,5,2,10,8,8,8.666666666666666,26,43.333333333333336
477,MS,M,15,2,GT3,2,3,3,services,services,course,father,2,1,0,1,2,1,yes,no,yes,2,no,4,3,3,2,4,3,11,12,10,11,11.0,33,55.00000000000001
478,MS,F,16,1,GT3,2,1,1,at_home,other,course,father,2,2,3,2,2,1,no,yes,yes,1,no,3,4,3,1,1,1,0,7,7,8,7.333333333333333,22,36.666666666666664
479,MS,F,17,2,GT3,2,2,2,other,at_home,course,mother,1,1,0,1,2,1,yes,yes,no,1,no,4,5,3,1,1,5,4,9,9,10,9.333333333333334,28,46.666666666666664
480,MS,F,19,2,GT3,2,2,3,at_home,services,course,other,1,1,1,1,1,1,no,yes,no,2,yes,4,4,4,1,1,2,0,9,9,10,9.333333333333334,28,46.666666666666664
481,MS,F,17,1,GT3,2,2,1,at_home,other,course,mother,3,1,0,1,2,1,yes,yes,no,1,yes,5,5,3,1,1,3,2,9,10,11,10.0,30,50.0
482,MS,F,15,1,LE3,2,1,1,at_home,other,course,mother,2,1,0,1,2,1,no,yes,no,1,yes,5,2,1,1,3,4,0,9,10,9,9.333333333333334,28,46.666666666666664
483,MS,F,16,1,GT3,2,2,2,other,other,course,father,3,2,0,1,2,1,no,yes,no,2,no,3,4,5,1,2,1,1,9,10,11,10.0,30,50.0
484,MS,F,16,2,LE3,1,2,2,other,other,home,mother,1,1,0,1,2,1,no,yes,no,1,no,4,3,4,1,2,1,6,7,7,8,7.333333333333333,22,36.666666666666664
485,MS,F,17,1,GT3,2,2,2,at_home,other,course,mother,2,2,0,1,2,1,no,yes,yes,2,no,4,3,5,1,2,4,0,11,10,11,10.666666666666666,32,53.333333333333336
486,MS,F,16,2,GT3,2,2,2,other,services,course,father,1,1,1,1,2,2,yes,no,yes,2,no,4,4,3,1,4,3,1,9,10,10,9.666666666666666,29,48.333333333333336
487,MS,F,18,1,LE3,1,3,2,other,other,course,other,2,3,2,1,2,1,no,no,no,1,yes,3,3,2,1,1,2,6,7,9,10,8.666666666666666,26,43.333333333333336
488,MS,F,19,2,GT3,2,1,1,at_home,services,course,mother,1,3,1,1,1,1,yes,yes,no,1,yes,5,3,1,1,1,3,6,7,9,9,8.333333333333334,25,41.66666666666667
489,MS,M,18,1,GT3,2,1,1,other,other,home,mother,2,1,1,1,1,1,yes,yes,no,2,no,4,4,3,3,4,4,0,8,9,10,9.0,27,45.0
490,MS,F,18,1,GT3,2,1,1,at_home,at_home,course,mother,2,1,1,1,1,1,no,no,no,2,yes,3,2,3,1,1,2,4,9,11,10,10.0,30,50.0
491,MS,F,19,2,GT3,2,1,1,other,other,course,other,2,2,1,1,2,1,no,yes,yes,2,yes,1,1,4,4,1,1,12,7,8,9,8.0,24,40.0
492,MS,F,16,1,GT3,1,2,2,health,other,course,mother,1,2,0,1,1,1,no,no,yes,1,yes,3,3,2,1,1,3,2,8,10,10,9.333333333333334,28,46.666666666666664
493,MS,F,17,2,GT3,2,0,1,other,at_home,course,father,2,1,0,1,1,1,yes,no,yes,1,no,2,4,4,3,5,5,5,9,9,10,9.333333333333334,28,46.666666666666664
494,MS,F,16,1,LE3,2,1,2,at_home,other,course,mother,1,2,0,1,1,1,yes,yes,no,2,no,4,4,5,1,3,3,0,8,9,9,8.666666666666666,26,43.333333333333336
495,MS,F,16,2,GT3,2,3,3,other,other,reputation,mother,1,1,0,1,1,1,yes,yes,no,2,yes,4,5,4,1,1,4,0,14,13,13,13.333333333333334,40,66.66666666666666
496,MS,F,16,1,LE3,2,1,1,services,services,home,mother,1,1,0,1,2,1,yes,yes,yes,2,yes,4,4,4,2,2,4,2,14,14,14,14.0,42,70.0
497,MS,M,17,2,GT3,2,3,3,services,at_home,course,mother,2,4,1,1,2,2,yes,yes,yes,1,no,5,4,5,3,4,5,0,10,11,10,10.333333333333334,31,51.66666666666667
498,MS,F,16,2,GT3,2,2,1,other,services,course,mother,1,2,0,1,2,1,yes,yes,yes,2,no,5,3,3,1,1,1,0,14,13,14,13.666666666666666,41,68.33333333333333
499,MS,F,16,2,GT3,2,2,2,services,other,course,mother,1,1,0,1,2,2,yes,yes,yes,1,yes,4,2,5,1,2,5,0,17,16,16,16.333333333333332,49,81.66666666666667
500,MS,M,17,2,GT3,2,1,2,other,other,course,father,1,1,1,1,2,1,yes,yes,no,2,yes,5,3,5,5,5,1,12,6,7,7,6.666666666666667,20,33.33333333333333
501,MS,M,16,2,LE3,2,4,3,other,other,course,father,1,1,0,1,1,1,yes,yes,yes,2,no,4,2,5,1,5,5,8,14,12,13,13.0,39,65.0
502,MS,M,17,1,LE3,2,2,2,services,services,other,mother,3,4,1,1,2,1,no,yes,yes,1,no,1,3,5,3,5,3,2,10,8,9,9.0,27,45.0
503,MS,F,16,2,GT3,2,1,1,other,other,course,other,1,4,0,2,2,1,yes,yes,yes,2,no,2,2,1,1,1,5,0,14,14,14,14.0,42,70.0
504,MS,F,19,2,LE3,2,2,2,other,other,home,mother,1,3,0,1,1,1,no,yes,yes,2,yes,5,4,5,1,1,1,0,12,13,13,12.666666666666666,38,63.33333333333333
505,MS,F,17,1,GT3,2,1,1,at_home,other,reputation,mother,2,1,0,1,2,1,yes,no,yes,2,yes,4,4,5,1,2,5,0,11,11,11,11.0,33,55.00000000000001
506,MS,F,20,2,GT3,2,3,3,at_home,services,other,mother,2,2,1,1,1,1,yes,yes,yes,2,yes,3,3,4,2,4,3,8,11,9,10,10.0,30,50.0
507,MS,F,17,2,LE3,2,1,1,other,services,course,father,1,3,0,1,2,1,no,yes,yes,1,yes,4,3,3,1,1,3,0,11,11,10,10.666666666666666,32,53.333333333333336
508,MS,M,17,1,GT3,2,2,2,other,other,course,mother,3,1,1,1,2,1,no,no,yes,2,no,4,4,5,1,2,5,0,10,9,9,9.333333333333334,28,46.666666666666664
509,MS,F,16,1,LE3,2,1,1,at_home,other,course,father,3,2,0,1,2,1,no,yes,yes,1,no,5,3,2,1,1,1,0,16,17,18,17.0,51,85.0
510,MS,F,17,1,GT3,2,2,2,other,other,reputation,mother,2,2,0,1,2,1,yes,yes,yes,1,no,5,3,2,1,1,1,0,15,17,17,16.333333333333332,49,81.66666666666667
511,MS,F,17,2,GT3,1,1,0,other,other,other,mother,2,2,0,1,1,1,no,yes,yes,2,yes,4,4,5,1,1,4,1,11,9,10,10.0,30,50.0
512,MS,F,18,1,GT3,2,1,1,at_home,other,other,mother,1,2,1,1,2,1,no,yes,yes,2,yes,4,3,2,1,1,5,9,7,7,7,7.0,21,35.0
513,MS,F,16,2,GT3,2,3,1,other,other,course,mother,1,1,0,1,1,1,yes,yes,yes,2,no,3,1,3,1,3,1,0,8,6,8,7.333333333333333,22,36.666666666666664
514,MS,F,16,2,GT3,2,3,2,services,at_home,course,mother,1,1,0,1,1,1,no,yes,yes,2,no,3,1,3,1,4,3,2,7,6,7,6.666666666666667,20,33.33333333333333
515,MS,F,18,2,LE3,2,1,1,other,at_home,reputation,mother,2,2,0,2,1,1,no,yes,yes,1,no,2,3,5,1,4,3,8,9,8,10,9.0,27,45.0
516,MS,F,16,1,GT3,2,4,4,health,teacher,reputation,father,1,2,0,1,1,1,yes,no,yes,2,yes,4,3,3,2,3,2,0,14,16,16,15.333333333333334,46,76.66666666666667
517,MS,F,16,1,LE3,2,1,2,other,other,reputation,mother,2,1,0,1,1,1,yes,yes,yes,2,no,5,4,5,1,4,2,0,14,14,15,14.333333333333334,43,71.66666666666667
518,MS,F,18,2,GT3,1,2,4,other,services,reputation,father,1,2,1,1,2,1,no,yes,yes,2,no,2,3,2,1,3,1,8,8,5,8,7.0,21,35.0
519,MS,M,16,1,GT3,2,2,1,other,services,reputation,mother,2,2,0,1,1,1,yes,yes,yes,2,no,5,2,1,1,1,2,0,8,7,0,5.0,15,25.0
520,MS,F,16,2,LE3,2,1,1,at_home,other,other,mother,3,2,0,1,2,1,no,yes,yes,2,no,4,3,2,1,3,5,6,6,8,8,7.333333333333333,22,36.666666666666664
521,MS,F,16,1,GT3,2,2,3,at_home,services,other,mother,2,2,0,1,2,1,yes,yes,yes,2,no,3,3,3,1,1,2,0,8,10,10,9.333333333333334,28,46.666666666666664
522,MS,F,16,2,GT3,2,4,4,health,health,course,mother,1,2,0,1,2,1,no,yes,yes,2,yes,4,3,4,1,2,3,4,8,8,8,8.0,24,40.0
523,MS,M,18,2,LE3,2,4,4,at_home,health,home,mother,1,4,0,1,2,1,yes,yes,no,2,yes,5,5,5,5,5,5,2,5,6,6,5.666666666666667,17,28.333333333333332
524,MS,F,16,1,LE3,2,3,4,at_home,other,other,mother,3,2,0,1,2,1,no,no,yes,1,no,4,2,1,1,1,2,2,7,9,8,8.0,24,40.0
525,MS,M,17,2,LE3,2,4,4,other,services,home,mother,1,3,0,1,2,1,no,yes,yes,2,no,4,4,3,1,2,5,0,15,14,16,15.0,45,75.0
526,MS,F,17,1,GT3,2,4,1,other,other,other,mother,1,1,0,1,1,1,no,yes,yes,2,yes,4,2,3,1,2,5,1,13,14,14,13.666666666666666,41,68.33333333333333
527,MS,M,16,2,LE3,2,2,2,services,services,other,mother,4,3,0,1,1,1,no,yes,yes,1,no,5,1,3,2,2,3,0,10,9,10,9.666666666666666,29,48.333333333333336
528,MS,F,17,1,GT3,2,2,2,at_home,other,other,mother,1,1,0,1,2,2,no,yes,yes,2,no,5,1,3,1,2,5,5,9,9,9,9.0,27,45.0
529,MS,F,16,2,LE3,2,4,4,services,services,other,father,2,1,0,1,2,1,no,yes,yes,1,no,5,1,3,1,2,5,1,11,11,11,11.0,33,55.00000000000001
530,MS,M,17,2,GT3,2,3,3,services,services,home,mother,1,1,0,1,2,1,yes,yes,yes,2,no,4,1,4,5,5,3,8,7,10,9,8.666666666666666,26,43.333333333333336
531,MS,M,17,2,GT3,2,1,1,at_home,services,other,mother,3,2,0,1,1,1,no,yes,yes,2,yes,5,1,3,3,3,1,0,10,10,10,10.0,30,50.0
532,MS,M,16,2,GT3,2,2,1,health,services,other,mother,2,2,0,1,1,1,no,no,yes,2,yes,4,2,2,1,4,5,2,9,7,8,8.0,24,40.0
533,MS,F,16,2,LE3,2,2,1,other,services,other,mother,1,2,0,1,1,1,no,yes,yes,2,yes,3,2,2,1,1,3,0,14,15,16,15.0,45,75.0
534,MS,M,16,2,LE3,2,4,4,teacher,health,other,father,1,1,0,1,2,1,no,yes,yes,2,no,4,1,2,2,5,5,0,11,12,12,11.666666666666666,35,58.333333333333336
535,MS,M,15,1,GT3,2,1,2,other,services,course,mother,3,2,0,1,2,1,yes,yes,yes,1,no,5,5,5,1,3,5,11,9,11,10,10.0,30,50.0
536,MS,M,15,2,LE3,1,2,2,other,other,reputation,mother,3,4,0,1,2,1,yes,yes,yes,1,no,5,4,5,2,3,5,8,13,14,14,13.666666666666666,41,68.33333333333333
537,MS,M,15,2,LE3,1,2,1,services,services,course,mother,1,1,0,1,1,1,yes,yes,yes,2,no,4,3,3,1,2,5,11,12,13,12,12.333333333333334,37,61.66666666666667
538,MS,F,16,1,LE3,2,2,2,other,other,course,mother,1,3,0,1,2,1,no,no,yes,1,yes,4,3,3,2,2,5,2,11,11,11,11.0,33,55.00000000000001
539,MS,F,16,2,LE3,2,4,1,other,other,home,mother,2,2,0,1,2,1,yes,yes,yes,2,no,1,2,4,2,2,1,8,9,10,10,9.666666666666666,29,48.333333333333336
540,MS,F,17,2,GT3,2,3,2,at_home,other,home,mother,2,1,0,1,1,1,no,yes,yes,1,yes,4,3,3,2,2,1,5,9,11,11,10.333333333333334,31,51.66666666666667
541,MS,F,17,1,GT3,2,2,2,other,other,other,mother,2,2,0,2,1,2,no,yes,yes,1,no,5,1,3,1,1,5,0,11,9,11,10.333333333333334,31,51.66666666666667
542,MS,F,16,2,GT3,2,4,4,teacher,services,course,mother,2,3,0,1,2,1,no,yes,yes,2,yes,5,3,5,1,4,5,1,10,11,12,11.0,33,55.00000000000001
543,MS,M,17,1,GT3,2,4,4,health,other,course,father,3,1,3,1,1,1,yes,yes,yes,2,yes,3,3,3,1,3,5,2,9,9,8,8.666666666666666,26,43.333333333333336
544,MS,M,17,1,LE3,2,1,3,other,other,course,father,2,1,0,1,1,1,yes,yes,yes,1,yes,5,1,2,3,3,5,2,12,11,12,11.666666666666666,35,58.333333333333336
545,MS,M,17,2,GT3,2,3,4,services,other,other,mother,1,2,1,1,2,1,yes,no,yes,2,yes,5,4,4,3,4,5,8,8,9,8,8.333333333333334,25,41.66666666666667
546,MS,F,17,2,GT3,2,4,4,health,health,course,father,1,2,0,1,2,1,no,yes,yes,2,no,5,2,5,1,1,5,0,13,15,16,14.666666666666666,44,73.33333333333333
547,MS,M,16,1,LE3,2,4,1,other,at_home,other,father,1,1,0,1,1,1,no,yes,yes,2,no,4,1,2,2,1,2,0,10,11,11,10.666666666666666,32,53.333333333333336
548,MS,F,17,2,GT3,1,1,1,at_home,at_home,other,mother,1,2,0,1,1,1,yes,yes,yes,2,yes,4,5,5,1,2,3,2,11,10,11,10.666666666666666,32,53.333333333333336
549,MS,F,17,1,GT3,2,4,2,other,other,course,mother,2,2,0,2,2,1,no,no,yes,2,no,4,3,3,2,3,5,0,17,18,18,17.666666666666668,53,88.33333333333333
550,MS,M,16,2,LE3,1,2,2,other,services,course,father,2,2,0,1,2,1,no,no,yes,2,yes,4,1,2,2,2,5,0,12,13,13,12.666666666666666,38,63.33333333333333
551,MS,M,17,2,GT3,2,3,2,other,other,other,father,2,2,0,1,2,2,no,yes,yes,2,no,4,1,2,2,2,1,0,13,14,13,13.333333333333334,40,66.66666666666666
552,MS,M,19,2,GT3,2,1,1,other,other,other,mother,1,2,2,1,2,1,yes,yes,no,2,no,4,4,3,3,4,4,2,9,9,10,9.333333333333334,28,46.666666666666664
553,MS,M,17,2,LE3,1,1,0,other,other,home,mother,1,1,0,1,1,1,no,yes,yes,1,yes,4,1,2,1,1,5,4,11,11,12,11.333333333333334,34,56.666666666666664
554,MS,F,17,1,GT3,2,1,1,at_home,at_home,course,father,2,1,0,1,2,1,yes,yes,no,2,yes,3,5,5,2,2,4,3,10,11,10,10.333333333333334,31,51.66666666666667
555,MS,F,16,1,GT3,2,1,2,other,other,home,father,1,3,0,2,2,1,no,no,yes,2,yes,4,3,4,1,1,3,5,13,14,13,13.333333333333334,40,66.66666666666666
556,MS,M,16,1,LE3,2,1,2,other,at_home,course,mother,1,1,0,1,1,1,no,yes,yes,1,no,4,4,4,2,4,5,4,9,10,11,10.0,30,50.0
557,MS,F,17,1,GT3,2,3,1,other,other,course,mother,2,2,3,1,2,1,yes,no,yes,2,yes,5,4,4,1,1,5,2,7,9,10,8.666666666666666,26,43.333333333333336
558,MS,M,17,1,GT3,2,2,2,other,other,course,mother,2,1,0,1,1,1,yes,yes,no,1,yes,5,5,5,3,5,5,0,8,13,10,10.333333333333334,31,51.66666666666667
559,MS,M,18,1,GT3,2,1,0,at_home,at_home,course,other,3,1,1,2,2,1,no,yes,yes,1,no,4,3,2,1,1,4,0,12,12,13,12.333333333333334,37,61.66666666666667
560,MS,M,17,1,GT3,2,1,1,other,services,course,mother,2,1,0,1,2,1,yes,no,yes,2,yes,4,5,5,1,3,2,0,10,9,10,9.666666666666666,29,48.333333333333336
561,MS,M,18,2,LE3,2,1,1,at_home,at_home,course,mother,2,2,0,1,2,1,yes,yes,yes,1,no,4,3,3,1,4,5,6,10,9,10,9.666666666666666,29,48.333333333333336
562,MS,F,16,1,LE3,2,2,2,other,services,course,father,1,2,0,1,1,1,yes,yes,yes,1,yes,5,4,3,1,1,1,0,11,13,12,12.0,36,60.0
563,MS,M,17,2,GT3,2,2,2,other,other,course,mother,1,1,1,1,1,1,yes,yes,yes,1,yes,1,2,1,2,3,5,0,7,0,0,2.3333333333333335,7,11.666666666666666
564,MS,M,16,1,GT3,2,3,2,services,other,course,father,2,1,0,1,1,1,no,yes,yes,2,no,4,5,5,2,3,5,2,11,9,10,10.0,30,50.0
565,MS,M,16,1,LE3,2,1,1,at_home,other,course,mother,2,1,0,1,1,1,yes,yes,yes,2,no,4,5,5,2,4,5,0,10,10,9,9.666666666666666,29,48.333333333333336
566,MS,M,18,1,GT3,2,1,1,services,other,course,other,2,1,1,1,2,1,no,yes,no,2,yes,5,3,3,2,3,5,2,9,7,9,8.333333333333334,25,41.66666666666667
567,MS,M,18,1,GT3,2,3,2,services,other,course,mother,1,1,1,1,1,1,no,yes,no,2,no,2,3,1,2,2,5,0,4,0,0,1.3333333333333333,4,6.666666666666667
568,MS,M,19,2,GT3,2,3,2,at_home,services,course,mother,2,1,3,1,1,1,yes,yes,yes,1,no,3,2,1,1,1,3,4,6,11,9,8.666666666666666,26,43.333333333333336
569,MS,M,18,2,GT3,2,3,3,at_home,at_home,course,mother,1,2,2,1,2,1,yes,yes,no,2,no,4,4,5,1,3,3,9,4,8,8,6.666666666666667,20,33.33333333333333
570,MS,M,16,1,GT3,2,2,2,services,services,course,mother,2,1,0,1,2,1,yes,yes,yes,2,yes,5,4,3,2,4,4,6,7,8,8,7.666666666666667,23,38.333333333333336
571,MS,M,19,2,GT3,2,2,1,at_home,other,course,other,2,1,3,1,1,1,yes,no,no,2,yes,4,4,3,1,3,5,4,8,9,9,8.666666666666666,26,43.333333333333336
572,MS,F,16,2,GT3,1,3,2,services,at_home,course,mother,2,2,2,1,2,1,yes,yes,yes,1,yes,2,5,5,1,1,1,8,5,5,7,5.666666666666667,17,28.333333333333332
573,MS,F,17,2,GT3,2,1,1,other,at_home,course,mother,1,1,0,1,2,1,yes,yes,yes,1,no,4,3,2,1,2,5,9,7,9,10,8.666666666666666,26,43.333333333333336
574,MS,M,20,1,GT3,2,1,1,other,other,course,other,2,1,1,1,2,1,no,yes,no,2,yes,4,4,3,2,4,4,12,8,11,10,9.666666666666666,29,48.333333333333336
575,MS,F,18,1,GT3,1,4,3,services,services,course,mother,1,1,0,1,2,1,no,yes,yes,2,no,5,4,4,3,4,2,8,10,11,10,10.333333333333334,31,51.66666666666667
576,MS,M,18,1,GT3,2,3,2,other,other,course,mother,2,1,0,1,2,1,no,no,yes,2,no,2,5,5,5,5,5,8,9,10,11,10.0,30,50.0
577,MS,M,19,1,GT3,2,1,1,other,services,home,other,3,2,1,1,1,1,no,yes,yes,2,no,5,4,4,3,3,2,8,10,9,11,10.0,30,50.0
578,MS,M,17,2,GT3,2,3,3,health,other,course,mother,2,2,1,1,2,1,no,yes,yes,2,no,4,5,4,2,3,3,4,8,9,10,9.0,27,45.0
579,MS,M,18,2,LE3,2,1,3,at_home,services,course,mother,1,1,0,1,1,1,no,yes,no,2,yes,4,3,3,2,3,3,0,9,10,9,9.333333333333334,28,46.666666666666664
580,MS,M,19,1,GT3,2,1,1,other,other,home,other,3,1,1,1,2,1,no,yes,yes,2,no,4,4,4,3,3,5,4,8,9,10,9.0,27,45.0
581,MS,F,18,2,GT3,1,1,2,at_home,other,course,mother,2,2,2,1,2,1,no,yes,yes,1,no,4,3,3,1,1,5,2,6,8,8,7.333333333333333,22,36.666666666666664
582,MS,F,19,2,LE3,1,1,1,at_home,other,course,mother,1,1,0,1,2,1,no,yes,no,1,no,1,4,4,1,1,5,0,6,8,7,7.0,21,35.0
583,MS,F,18,1,GT3,2,2,2,other,other,other,mother,2,1,1,1,1,1,no,yes,no,2,yes,5,5,5,1,1,3,0,8,6,0,4.666666666666667,14,23.333333333333332
584,MS,F,17,1,GT3,2,0,0,at_home,other,course,mother,2,1,0,1,2,1,no,yes,yes,2,no,4,4,3,1,1,5,0,10,11,11,10.666666666666666,32,53.333333333333336
585,MS,F,17,1,LE3,1,3,1,other,at_home,course,other,2,3,0,1,2,2,no,yes,no,1,no,4,2,3,2,2,3,5,8,7,8,7.666666666666667,23,38.333333333333336
586,MS,F,17,2,GT3,2,4,2,teacher,services,home,mother,1,2,0,2,2,1,yes,yes,yes,2,no,5,5,5,1,3,5,0,8,8,0,5.333333333333333,16,26.666666666666668
587,MS,F,18,1,LE3,2,2,2,services,services,course,mother,1,2,1,1,2,1,yes,yes,yes,2,no,2,3,3,1,2,4,3,7,6,8,7.0,21,35.0
588,MS,F,17,2,GT3,2,4,1,health,at_home,course,mother,1,1,0,1,2,1,no,yes,yes,1,yes,3,2,2,1,1,5,0,8,10,9,9.0,27,45.0
589,MS,F,17,2,LE3,2,1,2,at_home,other,course,father,1,1,0,1,1,1,no,yes,yes,2,no,5,5,1,1,1,3,0,7,10,10,9.0,27,45.0
590,MS,F,18,2,GT3,2,1,1,other,other,course,mother,3,2,2,1,1,1,yes,yes,yes,1,yes,3,4,4,2,2,5,3,7,8,7,7.333333333333333,22,36.666666666666664
591,MS,F,18,2,GT3,2,2,2,services,at_home,reputation,father,2,2,0,1,1,1,yes,no,yes,2,no,4,3,5,1,1,1,2,12,13,14,13.0,39,65.0
592,MS,F,17,2,GT3,2,3,3,services,services,course,mother,2,1,0,1,2,1,no,yes,yes,2,no,4,4,3,1,1,4,0,11,12,13,12.0,36,60.0
593,MS,F,18,2,LE3,1,1,2,at_home,other,reputation,mother,2,2,0,1,1,1,no,yes,yes,2,no,4,4,3,1,2,4,0,12,13,14,13.0,39,65.0
594,MS,F,18,2,GT3,2,4,4,teacher,teacher,reputation,mother,2,2,0,1,1,1,yes,no,yes,2,no,4,3,5,1,2,1,0,18,18,18,18.0,54,90.0
595,MS,M,18,2,LE3,2,4,4,services,other,reputation,mother,1,1,0,1,2,1,yes,yes,yes,2,no,5,4,5,1,1,5,3,17,17,17,17.0,51,85.0
596,MS,F,17,2,GT3,2,4,2,other,other,course,mother,2,2,0,1,2,1,no,yes,yes,2,no,4,3,3,1,2,4,0,17,18,18,17.666666666666668,53,88.33333333333333
597,MS,F,18,1,GT3,2,2,2,at_home,other,course,mother,3,2,1,1,1,1,yes,yes,yes,1,yes,4,3,3,1,1,4,0,9,0,0,3.0,9,15.0
598,MS,M,18,2,LE3,2,1,2,at_home,services,home,mother,2,1,0,1,2,1,no,no,yes,1,no,4,1,4,5,5,1,8,10,11,11,10.666666666666666,32,53.333333333333336
599,MS,M,18,1,GT3,2,4,4,at_home,services,other,mother,3,1,0,1,2,2,yes,yes,yes,2,yes,2,5,5,1,1,1,5,12,13,14,13.0,39,65.0
600,MS,M,17,1,GT3,2,1,1,other,services,other,father,3,1,0,1,1,1,no,no,no,1,no,4,2,3,3,4,4,4,12,13,14,13.0,39,65.0
601,MS,F,18,2,GT3,2,2,2,other,other,course,mother,2,2,0,1,2,1,no,no,yes,2,yes,1,3,1,1,1,2,4,8,8,10,8.666666666666666,26,43.333333333333336
602,MS,F,18,2,LE3,2,2,2,services,services,course,father,2,3,0,1,1,1,no,yes,yes,2,yes,5,4,5,1,4,3,0,11,12,13,12.0,36,60.0
603,MS,F,18,1,LE3,1,4,2,teacher,other,reputation,mother,1,2,0,1,1,1,yes,yes,yes,2,yes,5,3,1,1,1,5,0,5,0,0,1.6666666666666667,5,8.333333333333332
604,MS,F,18,2,GT3,2,1,1,at_home,services,course,mother,3,2,1,1,1,1,no,yes,no,1,no,4,4,2,1,2,2,2,9,10,10,9.666666666666666,29,48.333333333333336
605,MS,F,19,2,GT3,2,1,1,at_home,services,other,father,2,1,1,1,1,1,no,yes,no,1,no,5,5,5,2,3,2,0,5,0,0,1.6666666666666667,5,8.333333333333332
606,MS,F,17,2,GT3,2,4,2,teacher,other,course,father,2,4,0,1,1,1,no,yes,yes,2,yes,4,2,3,3,1,5,0,18,18,18,18.0,54,90.0
607,MS,F,17,1,LE3,1,2,1,services,other,reputation,mother,2,2,0,1,1,1,yes,yes,yes,2,yes,5,3,3,1,2,2,5,11,11,12,11.333333333333334,34,56.666666666666664
608,MS,F,18,2,LE3,1,1,1,at_home,services,course,mother,1,2,0,1,1,1,no,yes,yes,1,yes,5,2,3,1,2,3,2,8,10,11,9.666666666666666,29,48.333333333333336
609,MS,F,18,2,GT3,2,1,2,at_home,at_home,course,father,2,2,0,1,2,1,no,yes,no,1,no,4,1,1,1,1,4,0,11,11,12,11.333333333333334,34,56.666666666666664
610,MS,F,19,1,GT3,1,1,1,at_home,at_home,course,other,2,2,3,1,2,1,yes,yes,no,1,yes,3,5,4,1,4,1,0,8,0,0,2.6666666666666665,8,13.333333333333334
611,MS,F,18,1,GT3,2,2,2,services,other,home,mother,2,3,0,1,1,1,no,yes,yes,2,yes,4,2,1,1,1,4,5,14,14,15,14.333333333333334,43,71.66666666666667
612,MS,M,17,1,GT3,2,4,3,services,other,home,mother,2,2,1,1,2,2,yes,no,yes,2,yes,4,5,5,1,3,2,4,10,11,11,10.666666666666666,32,53.333333333333336
613,MS,F,18,2,GT3,2,3,3,services,services,course,father,1,2,0,1,2,1,no,yes,yes,1,yes,5,3,4,1,1,5,0,10,10,10,10.0,30,50.0
614,MS,F,17,1,GT3,2,4,4,teacher,services,other,father,2,2,0,1,2,2,yes,yes,yes,2,no,4,3,3,1,2,5,2,12,12,12,12.0,36,60.0
615,MS,F,17,2,LE3,1,3,2,services,other,reputation,mother,2,2,0,1,1,1,no,yes,yes,1,yes,1,2,3,1,2,5,0,15,14,15,14.666666666666666,44,73.33333333333333
616,MS,M,18,2,LE3,2,1,1,other,services,home,father,2,1,0,1,1,1,no,no,yes,2,yes,3,3,2,1,2,3,2,14,13,14,13.666666666666666,41,68.33333333333333
617,MS,F,18,2,LE3,2,1,1,at_home,services,course,father,2,3,0,1,1,1,no,yes,yes,2,no,5,3,2,1,1,4,0,19,17,18,18.0,54,90.0
618,MS,F,18,1,LE3,1,1,2,at_home,other,course,mother,3,2,0,1,1,1,no,yes,yes,1,yes,4,3,4,1,4,5,0,16,15,15,15.333333333333334,46,76.66666666666667
619,MS,F,18,2,GT3,2,3,3,services,services,other,mother,2,2,0,1,2,1,no,yes,yes,2,yes,4,3,2,1,3,3,6,13,12,13,12.666666666666666,38,63.33333333333333
620,MS,F,17,2,LE3,2,4,4,at_home,at_home,course,mother,1,2,0,1,2,1,yes,yes,yes,2,yes,2,3,4,1,1,1,4,15,14,15,14.666666666666666,44,73.33333333333333
621,MS,F,17,1,GT3,2,1,2,other,services,course,father,2,2,0,1,1,1,no,no,yes,1,no,3,2,2,1,2,3,0,13,13,13,13.0,39,65.0
622,MS,M,18,1,GT3,2,1,3,at_home,other,course,mother,2,2,0,1,2,2,no,yes,yes,1,no,3,3,4,2,4,3,0,8,10,9,9.0,27,45.0
623,MS,M,18,2,LE3,2,4,4,teacher,services,other,mother,2,3,0,1,1,1,no,yes,yes,2,yes,4,2,2,2,2,5,0,15,16,16,15.666666666666666,47,78.33333333333333
624,MS,F,17,1,GT3,2,1,1,other,services,reputation,mother,3,1,1,1,2,1,no,yes,yes,2,yes,5,2,1,1,2,1,0,8,8,9,8.333333333333334,25,41.66666666666667
625,MS,F,18,2,GT3,2,2,3,at_home,services,course,father,2,1,0,1,2,1,no,yes,yes,2,yes,5,2,3,1,2,4,0,10,10,10,10.0,30,50.0
626,MS,F,18,1,GT3,2,4,4,other,teacher,other,father,3,2,0,1,2,1,no,no,yes,2,yes,3,2,2,4,2,5,0,7,5,0,4.0,12,20.0
627,MS,M,18,1,LE3,2,1,2,at_home,services,other,father,3,1,0,1,2,1,yes,yes,no,2,yes,4,3,3,2,3,3,3,9,10,10,9.666666666666666,29,48.333333333333336
628,MS,F,17,2,GT3,2,2,2,other,at_home,home,mother,1,3,0,1,1,1,yes,yes,yes,1,yes,3,4,3,1,1,3,8,10,11,12,11.0,33,55.00000000000001
629,MS,F,17,1,GT3,2,1,2,other,other,course,mother,1,1,0,1,1,1,yes,yes,yes,2,no,3,5,5,1,3,1,4,7,8,9,8.0,24,40.0
630,MS,F,18,1,LE3,2,4,4,other,other,reputation,mother,2,3,0,1,1,1,no,yes,yes,2,no,5,4,4,1,1,1,0,15,17,17,16.333333333333332,49,81.66666666666667
631,MS,F,18,1,GT3,2,1,1,other,other,home,mother,4,3,0,1,1,1,no,yes,yes,2,no,4,3,2,1,2,4,4,10,11,12,11.0,33,55.00000000000001
632,MS,F,19,1,GT3,2,1,1,at_home,other,course,other,2,2,1,1,2,1,no,yes,yes,2,yes,4,3,3,1,1,3,4,7,8,9,8.0,24,40.0
633,MS,F,18,1,LE3,2,4,4,teacher,services,course,mother,1,2,0,1,1,1,yes,yes,yes,2,no,5,4,3,3,4,2,1,13,14,14,13.666666666666666,41,68.33333333333333
634,MS,F,18,2,GT3,2,3,3,other,other,home,mother,1,2,0,1,1,1,no,yes,yes,2,yes,4,1,3,1,2,1,1,16,16,16,16.0,48,80.0
635,MS,F,17,1,GT3,2,3,1,at_home,other,reputation,mother,1,2,0,1,2,1,yes,no,yes,2,no,4,5,4,2,3,1,10,8,9,9,8.666666666666666,26,43.333333333333336
636,MS,M,18,2,GT3,2,4,4,teacher,teacher,home,father,1,2,0,1,1,1,yes,no,yes,2,no,3,2,4,1,4,2,4,17,18,19,18.0,54,90.0
637,MS,M,18,1,GT3,2,2,1,other,other,other,mother,2,1,0,1,1,1,yes,no,yes,2,yes,4,4,3,1,3,5,0,7,7,0,4.666666666666667,14,23.333333333333332
638,MS,M,17,2,GT3,2,2,3,other,services,home,father,2,2,0,1,1,1,yes,yes,yes,2,no,4,4,3,1,1,3,4,14,15,16,15.0,45,75.0
639,MS,M,19,1,GT3,2,1,1,other,services,other,mother,2,1,1,1,1,1,no,yes,yes,1,no,4,3,2,1,3,5,0,5,8,0,4.333333333333333,13,21.666666666666668
640,MS,M,18,1,GT3,2,4,2,other,other,home,father,2,1,1,1,1,2,no,yes,yes,1,no,5,4,3,4,3,3,0,7,7,0,4.666666666666667,14,23.333333333333332
641,MS,F,18,1,GT3,2,2,2,at_home,other,other,mother,2,3,0,1,1,1,no,yes,yes,1,no,5,3,3,1,3,4,0,14,17,15,15.333333333333334,46,76.66666666666667
642,MS,F,17,2,GT3,2,4,3,teacher,other,other,mother,2,2,0,1,1,1,no,yes,yes,2,no,5,5,4,1,1,1,0,6,9,11,8.666666666666666,26,43.333333333333336
643,MS,F,18,1,GT3,2,4,4,teacher,at_home,reputation,mother,3,1,0,1,2,1,yes,yes,yes,2,yes,4,4,3,2,2,5,4,7,9,10,8.666666666666666,26,43.333333333333336
644,MS,F,19,1,GT3,2,2,3,services,other,course,mother,1,3,1,1,1,1,yes,no,yes,2,no,5,4,2,1,2,5,4,10,11,10,10.333333333333334,31,51.66666666666667
645,MS,F,18,2,LE3,2,3,1,teacher,services,course,mother,1,2,0,1,2,1,no,yes,yes,2,no,4,3,4,1,1,1,4,15,15,16,15.333333333333334,46,76.66666666666667
646,MS,F,18,2,GT3,2,1,1,other,other,course,mother,2,2,0,1,1,1,yes,yes,yes,1,no,1,1,1,1,1,5,6,11,12,9,10.666666666666666,32,53.333333333333336
647,MS,M,17,2,LE3,2,3,1,services,services,course,mother,2,1,0,1,1,1,no,no,yes,2,no,2,4,5,3,4,2,6,10,10,10,10.0,30,50.0
648,MS,M,18,1,LE3,2,3,2,services,other,course,mother,3,1,0,1,1,1,no,no,yes,2,no,4,4,1,3,4,5,4,10,11,11,10.666666666666666,32,53.333333333333336
